Time(min)   ;T_00mm      ;Time(min)   ;T_10mm      ;Time(min)   ;T_20mm      ;Time(min)   ;T_30mm      ;Time(min)   ;T_40mm      ;Time(min)   ;T_50mm      ;Time(min)   ;T_120mm     ;
 0.0000E+000; 2.0014E+001; 0.0000E+000; 2.0014E+001; 0.0000E+000; 2.0015E+001; 0.0000E+000; 2.0015E+001; 0.0000E+000; 2.0015E+001; 0.0000E+000; 2.0016E+001; 0.0000E+000; 2.0014E+001;
 1.0000E+000; 6.3078E+001; 1.0000E+000; 2.6155E+001; 1.0000E+000; 2.0274E+001; 1.0000E+000; 2.0015E+001; 1.0000E+000; 2.0015E+001; 1.0000E+000; 2.0016E+001; 1.0000E+000; 1.9328E+001;
 2.0000E+000; 8.0293E+001; 2.0000E+000; 3.7105E+001; 2.0000E+000; 2.3121E+001; 2.0000E+000; 2.0373E+001; 2.0000E+000; 2.0043E+001; 2.0000E+000; 2.0017E+001; 2.0000E+000; 1.9201E+001;
 3.0000E+000; 9.2529E+001; 3.0000E+000; 4.7094E+001; 3.0000E+000; 2.7545E+001; 3.0000E+000; 2.1561E+001; 3.0000E+000; 2.0251E+001; 3.0000E+000; 2.0043E+001; 3.0000E+000; 1.9164E+001;
 4.0000E+000; 1.0209E+002; 4.0000E+000; 5.5855E+001; 4.0000E+000; 3.2552E+001; 4.0000E+000; 2.3502E+001; 4.0000E+000; 2.0783E+001; 4.0000E+000; 2.0151E+001; 4.0000E+000; 1.9167E+001;
 5.0000E+000; 1.1018E+002; 5.0000E+000; 6.3579E+001; 5.0000E+000; 3.7665E+001; 5.0000E+000; 2.5969E+001; 5.0000E+000; 2.1674E+001; 5.0000E+000; 2.0398E+001; 5.0000E+000; 1.9189E+001;
 6.0000E+000; 1.1742E+002; 6.0000E+000; 7.0521E+001; 6.0000E+000; 4.2686E+001; 6.0000E+000; 2.8762E+001; 6.0000E+000; 2.2890E+001; 6.0000E+000; 2.0818E+001; 6.0000E+000; 1.9219E+001;
 7.0000E+000; 1.2413E+002; 7.0000E+000; 7.6887E+001; 7.0000E+000; 4.7547E+001; 7.0000E+000; 3.1743E+001; 7.0000E+000; 2.4371E+001; 7.0000E+000; 2.1418E+001; 7.0000E+000; 1.9252E+001;
 8.0000E+000; 1.3044E+002; 8.0000E+000; 8.2824E+001; 8.0000E+000; 5.2239E+001; 8.0000E+000; 3.4825E+001; 8.0000E+000; 2.6059E+001; 8.0000E+000; 2.2190E+001; 8.0000E+000; 1.9286E+001;
 9.0000E+000; 1.3646E+002; 9.0000E+000; 8.8428E+001; 9.0000E+000; 5.6772E+001; 9.0000E+000; 3.7955E+001; 9.0000E+000; 2.7905E+001; 9.0000E+000; 2.3118E+001; 9.0000E+000; 1.9320E+001;
 1.0000E+001; 1.4224E+002; 1.0000E+001; 9.3764E+001; 1.0000E+001; 6.1161E+001; 1.0000E+001; 4.1101E+001; 1.0000E+001; 2.9869E+001; 1.0000E+001; 2.4181E+001; 1.0000E+001; 1.9352E+001;
 1.1000E+001; 1.4782E+002; 1.1000E+001; 9.8882E+001; 1.1000E+001; 6.5421E+001; 1.1000E+001; 4.4246E+001; 1.1000E+001; 3.1921E+001; 1.1000E+001; 2.5361E+001; 1.1000E+001; 1.9383E+001;
 1.2000E+001; 1.5322E+002; 1.2000E+001; 1.0382E+002; 1.2000E+001; 6.9568E+001; 1.2000E+001; 4.7378E+001; 1.2000E+001; 3.4038E+001; 1.2000E+001; 2.6640E+001; 1.2000E+001; 1.9414E+001;
 1.3000E+001; 1.5846E+002; 1.3000E+001; 1.0860E+002; 1.3000E+001; 7.3613E+001; 1.3000E+001; 5.0491E+001; 1.3000E+001; 3.6205E+001; 1.3000E+001; 2.8002E+001; 1.3000E+001; 1.9444E+001;
 1.4000E+001; 1.6355E+002; 1.4000E+001; 1.1324E+002; 1.4000E+001; 7.7567E+001; 1.4000E+001; 5.3581E+001; 1.4000E+001; 3.8409E+001; 1.4000E+001; 2.9434E+001; 1.4000E+001; 1.9476E+001;
 1.5000E+001; 1.6850E+002; 1.5000E+001; 1.1775E+002; 1.5000E+001; 8.1437E+001; 1.5000E+001; 5.6646E+001; 1.5000E+001; 4.0641E+001; 1.5000E+001; 3.0925E+001; 1.5000E+001; 1.9510E+001;
 1.6000E+001; 1.7330E+002; 1.6000E+001; 1.2214E+002; 1.6000E+001; 8.5229E+001; 1.6000E+001; 5.9684E+001; 1.6000E+001; 4.2894E+001; 1.6000E+001; 3.2467E+001; 1.6000E+001; 1.9548E+001;
 1.7000E+001; 1.7797E+002; 1.7000E+001; 1.2643E+002; 1.7000E+001; 8.8949E+001; 1.7000E+001; 6.2695E+001; 1.7000E+001; 4.5162E+001; 1.7000E+001; 3.4051E+001; 1.7000E+001; 1.9592E+001;
 1.8000E+001; 1.8251E+002; 1.8000E+001; 1.3060E+002; 1.8000E+001; 9.2600E+001; 1.8000E+001; 6.5679E+001; 1.8000E+001; 4.7440E+001; 1.8000E+001; 3.5674E+001; 1.8000E+001; 1.9643E+001;
 1.9000E+001; 1.8692E+002; 1.9000E+001; 1.3468E+002; 1.9000E+001; 9.6185E+001; 1.9000E+001; 6.8633E+001; 1.9000E+001; 4.9726E+001; 1.9000E+001; 3.7328E+001; 1.9000E+001; 1.9703E+001;
 2.0000E+001; 1.9121E+002; 2.0000E+001; 1.3866E+002; 2.0000E+001; 9.9705E+001; 2.0000E+001; 7.1559E+001; 2.0000E+001; 5.2014E+001; 2.0000E+001; 3.9010E+001; 2.0000E+001; 1.9772E+001;
 2.1000E+001; 1.9538E+002; 2.1000E+001; 1.4254E+002; 2.1000E+001; 1.0316E+002; 2.1000E+001; 7.4455E+001; 2.1000E+001; 5.4303E+001; 2.1000E+001; 4.0715E+001; 2.1000E+001; 1.9853E+001;
 2.2000E+001; 1.9943E+002; 2.2000E+001; 1.4632E+002; 2.2000E+001; 1.0656E+002; 2.2000E+001; 7.7321E+001; 2.2000E+001; 5.6590E+001; 2.2000E+001; 4.2440E+001; 2.2000E+001; 1.9946E+001;
 2.3000E+001; 2.0337E+002; 2.3000E+001; 1.5002E+002; 2.3000E+001; 1.0990E+002; 2.3000E+001; 8.0156E+001; 2.3000E+001; 5.8873E+001; 2.3000E+001; 4.4182E+001; 2.3000E+001; 2.0053E+001;
 2.4000E+001; 2.0719E+002; 2.4000E+001; 1.5362E+002; 2.4000E+001; 1.1317E+002; 2.4000E+001; 8.2959E+001; 2.4000E+001; 6.1150E+001; 2.4000E+001; 4.5939E+001; 2.4000E+001; 2.0175E+001;
 2.5000E+001; 2.1091E+002; 2.5000E+001; 1.5713E+002; 2.5000E+001; 1.1639E+002; 2.5000E+001; 8.5731E+001; 2.5000E+001; 6.3419E+001; 2.5000E+001; 4.7706E+001; 2.5000E+001; 2.0313E+001;
 2.6000E+001; 2.1451E+002; 2.6000E+001; 1.6054E+002; 2.6000E+001; 1.1956E+002; 2.6000E+001; 8.8471E+001; 2.6000E+001; 6.5679E+001; 2.6000E+001; 4.9483E+001; 2.6000E+001; 2.0468E+001;
 2.7000E+001; 2.1800E+002; 2.7000E+001; 1.6386E+002; 2.7000E+001; 1.2266E+002; 2.7000E+001; 9.1179E+001; 2.7000E+001; 6.7928E+001; 2.7000E+001; 5.1266E+001; 2.7000E+001; 2.0640E+001;
 2.8000E+001; 2.2136E+002; 2.8000E+001; 1.6710E+002; 2.8000E+001; 1.2570E+002; 2.8000E+001; 9.3853E+001; 2.8000E+001; 7.0165E+001; 2.8000E+001; 5.3055E+001; 2.8000E+001; 2.0829E+001;
 2.9000E+001; 2.2460E+002; 2.9000E+001; 1.7023E+002; 2.9000E+001; 1.2869E+002; 2.9000E+001; 9.6493E+001; 2.9000E+001; 7.2389E+001; 2.9000E+001; 5.4847E+001; 2.9000E+001; 2.1038E+001;
 3.0000E+001; 2.2771E+002; 3.0000E+001; 1.7328E+002; 3.0000E+001; 1.3161E+002; 3.0000E+001; 9.9099E+001; 3.0000E+001; 7.4598E+001; 3.0000E+001; 5.6640E+001; 3.0000E+001; 2.1264E+001;
 3.1000E+001; 2.3070E+002; 3.1000E+001; 1.7624E+002; 3.1000E+001; 1.3447E+002; 3.1000E+001; 1.0167E+002; 3.1000E+001; 7.6792E+001; 3.1000E+001; 5.8434E+001; 3.1000E+001; 2.1510E+001;
 3.2000E+001; 2.3358E+002; 3.2000E+001; 1.7912E+002; 3.2000E+001; 1.3728E+002; 3.2000E+001; 1.0421E+002; 3.2000E+001; 7.8969E+001; 3.2000E+001; 6.0226E+001; 3.2000E+001; 2.1775E+001;
 3.3000E+001; 2.3637E+002; 3.3000E+001; 1.8192E+002; 3.3000E+001; 1.4002E+002; 3.3000E+001; 1.0671E+002; 3.3000E+001; 8.1129E+001; 3.3000E+001; 6.2017E+001; 3.3000E+001; 2.2058E+001;
 3.4000E+001; 2.3907E+002; 3.4000E+001; 1.8465E+002; 3.4000E+001; 1.4270E+002; 3.4000E+001; 1.0917E+002; 3.4000E+001; 8.3271E+001; 3.4000E+001; 6.3803E+001; 3.4000E+001; 2.2361E+001;
 3.5000E+001; 2.4169E+002; 3.5000E+001; 1.8730E+002; 3.5000E+001; 1.4533E+002; 3.5000E+001; 1.1159E+002; 3.5000E+001; 8.5394E+001; 3.5000E+001; 6.5585E+001; 3.5000E+001; 2.2682E+001;
 3.6000E+001; 2.4423E+002; 3.6000E+001; 1.8990E+002; 3.6000E+001; 1.4790E+002; 3.6000E+001; 1.1398E+002; 3.6000E+001; 8.7497E+001; 3.6000E+001; 6.7361E+001; 3.6000E+001; 2.3022E+001;
 3.7000E+001; 2.4672E+002; 3.7000E+001; 1.9242E+002; 3.7000E+001; 1.5041E+002; 3.7000E+001; 1.1633E+002; 3.7000E+001; 8.9579E+001; 3.7000E+001; 6.9130E+001; 3.7000E+001; 2.3381E+001;
 3.8000E+001; 2.4913E+002; 3.8000E+001; 1.9489E+002; 3.8000E+001; 1.5287E+002; 3.8000E+001; 1.1864E+002; 3.8000E+001; 9.1640E+001; 3.8000E+001; 7.0892E+001; 3.8000E+001; 2.3757E+001;
 3.9000E+001; 2.5149E+002; 3.9000E+001; 1.9731E+002; 3.9000E+001; 1.5528E+002; 3.9000E+001; 1.2092E+002; 3.9000E+001; 9.3680E+001; 3.9000E+001; 7.2645E+001; 3.9000E+001; 2.4151E+001;
 4.0000E+001; 2.5380E+002; 4.0000E+001; 1.9966E+002; 4.0000E+001; 1.5765E+002; 4.0000E+001; 1.2316E+002; 4.0000E+001; 9.5698E+001; 4.0000E+001; 7.4389E+001; 4.0000E+001; 2.4563E+001;
 4.1000E+001; 2.5605E+002; 4.1000E+001; 2.0197E+002; 4.1000E+001; 1.5996E+002; 4.1000E+001; 1.2537E+002; 4.1000E+001; 9.7695E+001; 4.1000E+001; 7.6123E+001; 4.1000E+001; 2.4991E+001;
 4.2000E+001; 2.5826E+002; 4.2000E+001; 2.0424E+002; 4.2000E+001; 1.6223E+002; 4.2000E+001; 1.2754E+002; 4.2000E+001; 9.9669E+001; 4.2000E+001; 7.7847E+001; 4.2000E+001; 2.5436E+001;
 4.3000E+001; 2.6042E+002; 4.3000E+001; 2.0646E+002; 4.3000E+001; 1.6446E+002; 4.3000E+001; 1.2967E+002; 4.3000E+001; 1.0162E+002; 4.3000E+001; 7.9560E+001; 4.3000E+001; 2.5898E+001;
 4.4000E+001; 2.6253E+002; 4.4000E+001; 2.0865E+002; 4.4000E+001; 1.6664E+002; 4.4000E+001; 1.3178E+002; 4.4000E+001; 1.0355E+002; 4.4000E+001; 8.1262E+001; 4.4000E+001; 2.6375E+001;
 4.5000E+001; 2.6460E+002; 4.5000E+001; 2.1080E+002; 4.5000E+001; 1.6878E+002; 4.5000E+001; 1.3385E+002; 4.5000E+001; 1.0546E+002; 4.5000E+001; 8.2953E+001; 4.5000E+001; 2.6868E+001;
 4.6000E+001; 2.6664E+002; 4.6000E+001; 2.1293E+002; 4.6000E+001; 1.7089E+002; 4.6000E+001; 1.3589E+002; 4.6000E+001; 1.0735E+002; 4.6000E+001; 8.4631E+001; 4.6000E+001; 2.7376E+001;
 4.7000E+001; 2.6863E+002; 4.7000E+001; 2.1502E+002; 4.7000E+001; 1.7295E+002; 4.7000E+001; 1.3790E+002; 4.7000E+001; 1.0921E+002; 4.7000E+001; 8.6298E+001; 4.7000E+001; 2.7899E+001;
 4.8000E+001; 2.7059E+002; 4.8000E+001; 2.1709E+002; 4.8000E+001; 1.7498E+002; 4.8000E+001; 1.3988E+002; 4.8000E+001; 1.1106E+002; 4.8000E+001; 8.7953E+001; 4.8000E+001; 2.8436E+001;
 4.9000E+001; 2.7252E+002; 4.9000E+001; 2.1913E+002; 4.9000E+001; 1.7697E+002; 4.9000E+001; 1.4183E+002; 4.9000E+001; 1.1288E+002; 4.9000E+001; 8.9595E+001; 4.9000E+001; 2.8987E+001;
 5.0000E+001; 2.7441E+002; 5.0000E+001; 2.2114E+002; 5.0000E+001; 1.7893E+002; 5.0000E+001; 1.4376E+002; 5.0000E+001; 1.1469E+002; 5.0000E+001; 9.1226E+001; 5.0000E+001; 2.9552E+001;
 5.1000E+001; 2.7627E+002; 5.1000E+001; 2.2312E+002; 5.1000E+001; 1.8086E+002; 5.1000E+001; 1.4566E+002; 5.1000E+001; 1.1647E+002; 5.1000E+001; 9.2844E+001; 5.1000E+001; 3.0130E+001;
 5.2000E+001; 2.7810E+002; 5.2000E+001; 2.2507E+002; 5.2000E+001; 1.8276E+002; 5.2000E+001; 1.4753E+002; 5.2000E+001; 1.1824E+002; 5.2000E+001; 9.4451E+001; 5.2000E+001; 3.0721E+001;
 5.3000E+001; 2.7990E+002; 5.3000E+001; 2.2699E+002; 5.3000E+001; 1.8462E+002; 5.3000E+001; 1.4938E+002; 5.3000E+001; 1.1998E+002; 5.3000E+001; 9.6045E+001; 5.3000E+001; 3.1325E+001;
 5.4000E+001; 2.8167E+002; 5.4000E+001; 2.2889E+002; 5.4000E+001; 1.8646E+002; 5.4000E+001; 1.5120E+002; 5.4000E+001; 1.2171E+002; 5.4000E+001; 9.7628E+001; 5.4000E+001; 3.1940E+001;
 5.5000E+001; 2.8340E+002; 5.5000E+001; 2.3075E+002; 5.5000E+001; 1.8827E+002; 5.5000E+001; 1.5300E+002; 5.5000E+001; 1.2342E+002; 5.5000E+001; 9.9198E+001; 5.5000E+001; 3.2567E+001;
 5.6000E+001; 2.8511E+002; 5.6000E+001; 2.3258E+002; 5.6000E+001; 1.9005E+002; 5.6000E+001; 1.5477E+002; 5.6000E+001; 1.2512E+002; 5.6000E+001; 1.0076E+002; 5.6000E+001; 3.3205E+001;
 5.7000E+001; 2.8679E+002; 5.7000E+001; 2.3439E+002; 5.7000E+001; 1.9180E+002; 5.7000E+001; 1.5652E+002; 5.7000E+001; 1.2679E+002; 5.7000E+001; 1.0230E+002; 5.7000E+001; 3.3853E+001;
 5.8000E+001; 2.8844E+002; 5.8000E+001; 2.3617E+002; 5.8000E+001; 1.9353E+002; 5.8000E+001; 1.5825E+002; 5.8000E+001; 1.2845E+002; 5.8000E+001; 1.0384E+002; 5.8000E+001; 3.4512E+001;
 5.9000E+001; 2.9007E+002; 5.9000E+001; 2.3793E+002; 5.9000E+001; 1.9523E+002; 5.9000E+001; 1.5996E+002; 5.9000E+001; 1.3009E+002; 5.9000E+001; 1.0537E+002; 5.9000E+001; 3.5180E+001;
 6.0000E+001; 2.9167E+002; 6.0000E+001; 2.3966E+002; 6.0000E+001; 1.9692E+002; 6.0000E+001; 1.6165E+002; 6.0000E+001; 1.3171E+002; 6.0000E+001; 1.0688E+002; 6.0000E+001; 3.5858E+001;
 6.1000E+001; 2.9325E+002; 6.1000E+001; 2.4137E+002; 6.1000E+001; 1.9858E+002; 6.1000E+001; 1.6331E+002; 6.1000E+001; 1.3332E+002; 6.1000E+001; 1.0838E+002; 6.1000E+001; 3.6544E+001;
 6.2000E+001; 2.9480E+002; 6.2000E+001; 2.4306E+002; 6.2000E+001; 2.0023E+002; 6.2000E+001; 1.6496E+002; 6.2000E+001; 1.3491E+002; 6.2000E+001; 1.0987E+002; 6.2000E+001; 3.7238E+001;
 6.3000E+001; 2.9634E+002; 6.3000E+001; 2.4472E+002; 6.3000E+001; 2.0185E+002; 6.3000E+001; 1.6659E+002; 6.3000E+001; 1.3649E+002; 6.3000E+001; 1.1135E+002; 6.3000E+001; 3.7941E+001;
 6.4000E+001; 2.9785E+002; 6.4000E+001; 2.4636E+002; 6.4000E+001; 2.0346E+002; 6.4000E+001; 1.6819E+002; 6.4000E+001; 1.3805E+002; 6.4000E+001; 1.1282E+002; 6.4000E+001; 3.8651E+001;
 6.5000E+001; 2.9934E+002; 6.5000E+001; 2.4798E+002; 6.5000E+001; 2.0504E+002; 6.5000E+001; 1.6978E+002; 6.5000E+001; 1.3959E+002; 6.5000E+001; 1.1428E+002; 6.5000E+001; 3.9369E+001;
 6.6000E+001; 3.0082E+002; 6.6000E+001; 2.4958E+002; 6.6000E+001; 2.0662E+002; 6.6000E+001; 1.7135E+002; 6.6000E+001; 1.4113E+002; 6.6000E+001; 1.1573E+002; 6.6000E+001; 4.0093E+001;
 6.7000E+001; 3.0227E+002; 6.7000E+001; 2.5116E+002; 6.7000E+001; 2.0818E+002; 6.7000E+001; 1.7290E+002; 6.7000E+001; 1.4264E+002; 6.7000E+001; 1.1717E+002; 6.7000E+001; 4.0823E+001;
 6.8000E+001; 3.0371E+002; 6.8000E+001; 2.5272E+002; 6.8000E+001; 2.0972E+002; 6.8000E+001; 1.7444E+002; 6.8000E+001; 1.4415E+002; 6.8000E+001; 1.1860E+002; 6.8000E+001; 4.1560E+001;
 6.9000E+001; 3.0513E+002; 6.9000E+001; 2.5425E+002; 6.9000E+001; 2.1125E+002; 6.9000E+001; 1.7595E+002; 6.9000E+001; 1.4563E+002; 6.9000E+001; 1.2001E+002; 6.9000E+001; 4.2303E+001;
 7.0000E+001; 3.0653E+002; 7.0000E+001; 2.5577E+002; 7.0000E+001; 2.1277E+002; 7.0000E+001; 1.7745E+002; 7.0000E+001; 1.4711E+002; 7.0000E+001; 1.2142E+002; 7.0000E+001; 4.3050E+001;
 7.1000E+001; 3.0791E+002; 7.1000E+001; 2.5727E+002; 7.1000E+001; 2.1427E+002; 7.1000E+001; 1.7894E+002; 7.1000E+001; 1.4857E+002; 7.1000E+001; 1.2282E+002; 7.1000E+001; 4.3804E+001;
 7.2000E+001; 3.0927E+002; 7.2000E+001; 2.5876E+002; 7.2000E+001; 2.1576E+002; 7.2000E+001; 1.8040E+002; 7.2000E+001; 1.5002E+002; 7.2000E+001; 1.2421E+002; 7.2000E+001; 4.4561E+001;
 7.3000E+001; 3.1062E+002; 7.3000E+001; 2.6022E+002; 7.3000E+001; 2.1724E+002; 7.3000E+001; 1.8186E+002; 7.3000E+001; 1.5146E+002; 7.3000E+001; 1.2559E+002; 7.3000E+001; 4.5324E+001;
 7.4000E+001; 3.1195E+002; 7.4000E+001; 2.6167E+002; 7.4000E+001; 2.1871E+002; 7.4000E+001; 1.8330E+002; 7.4000E+001; 1.5288E+002; 7.4000E+001; 1.2696E+002; 7.4000E+001; 4.6091E+001;
 7.5000E+001; 3.1327E+002; 7.5000E+001; 2.6310E+002; 7.5000E+001; 2.2017E+002; 7.5000E+001; 1.8472E+002; 7.5000E+001; 1.5430E+002; 7.5000E+001; 1.2832E+002; 7.5000E+001; 4.6861E+001;
 7.6000E+001; 3.1458E+002; 7.6000E+001; 2.6452E+002; 7.6000E+001; 2.2161E+002; 7.6000E+001; 1.8613E+002; 7.6000E+001; 1.5570E+002; 7.6000E+001; 1.2967E+002; 7.6000E+001; 4.7636E+001;
 7.7000E+001; 3.1587E+002; 7.7000E+001; 2.6592E+002; 7.7000E+001; 2.2304E+002; 7.7000E+001; 1.8752E+002; 7.7000E+001; 1.5708E+002; 7.7000E+001; 1.3101E+002; 7.7000E+001; 4.8414E+001;
 7.8000E+001; 3.1714E+002; 7.8000E+001; 2.6731E+002; 7.8000E+001; 2.2446E+002; 7.8000E+001; 1.8891E+002; 7.8000E+001; 1.5846E+002; 7.8000E+001; 1.3235E+002; 7.8000E+001; 4.9196E+001;
 7.9000E+001; 3.1841E+002; 7.9000E+001; 2.6868E+002; 7.9000E+001; 2.2586E+002; 7.9000E+001; 1.9028E+002; 7.9000E+001; 1.5983E+002; 7.9000E+001; 1.3367E+002; 7.9000E+001; 4.9981E+001;
 8.0000E+001; 3.1966E+002; 8.0000E+001; 2.7004E+002; 8.0000E+001; 2.2726E+002; 8.0000E+001; 1.9163E+002; 8.0000E+001; 1.6118E+002; 8.0000E+001; 1.3499E+002; 8.0000E+001; 5.0769E+001;
 8.1000E+001; 3.2089E+002; 8.1000E+001; 2.7138E+002; 8.1000E+001; 2.2864E+002; 8.1000E+001; 1.9298E+002; 8.1000E+001; 1.6253E+002; 8.1000E+001; 1.3630E+002; 8.1000E+001; 5.1559E+001;
 8.2000E+001; 3.2212E+002; 8.2000E+001; 2.7271E+002; 8.2000E+001; 2.3001E+002; 8.2000E+001; 1.9431E+002; 8.2000E+001; 1.6386E+002; 8.2000E+001; 1.3760E+002; 8.2000E+001; 5.2353E+001;
 8.3000E+001; 3.2333E+002; 8.3000E+001; 2.7403E+002; 8.3000E+001; 2.3137E+002; 8.3000E+001; 1.9564E+002; 8.3000E+001; 1.6519E+002; 8.3000E+001; 1.3889E+002; 8.3000E+001; 5.3149E+001;
 8.4000E+001; 3.2453E+002; 8.4000E+001; 2.7533E+002; 8.4000E+001; 2.3271E+002; 8.4000E+001; 1.9695E+002; 8.4000E+001; 1.6650E+002; 8.4000E+001; 1.4017E+002; 8.4000E+001; 5.3947E+001;
 8.5000E+001; 3.2572E+002; 8.5000E+001; 2.7663E+002; 8.5000E+001; 2.3405E+002; 8.5000E+001; 1.9826E+002; 8.5000E+001; 1.6780E+002; 8.5000E+001; 1.4145E+002; 8.5000E+001; 5.4747E+001;
 8.6000E+001; 3.2690E+002; 8.6000E+001; 2.7791E+002; 8.6000E+001; 2.3538E+002; 8.6000E+001; 1.9955E+002; 8.6000E+001; 1.6910E+002; 8.6000E+001; 1.4272E+002; 8.6000E+001; 5.5550E+001;
 8.7000E+001; 3.2807E+002; 8.7000E+001; 2.7917E+002; 8.7000E+001; 2.3669E+002; 8.7000E+001; 2.0084E+002; 8.7000E+001; 1.7038E+002; 8.7000E+001; 1.4398E+002; 8.7000E+001; 5.6354E+001;
 8.8000E+001; 3.2923E+002; 8.8000E+001; 2.8043E+002; 8.8000E+001; 2.3800E+002; 8.8000E+001; 2.0211E+002; 8.8000E+001; 1.7166E+002; 8.8000E+001; 1.4523E+002; 8.8000E+001; 5.7160E+001;
 8.9000E+001; 3.3038E+002; 8.9000E+001; 2.8168E+002; 8.9000E+001; 2.3929E+002; 8.9000E+001; 2.0338E+002; 8.9000E+001; 1.7293E+002; 8.9000E+001; 1.4648E+002; 8.9000E+001; 5.7968E+001;
 9.0000E+001; 3.3152E+002; 9.0000E+001; 2.8291E+002; 9.0000E+001; 2.4058E+002; 9.0000E+001; 2.0464E+002; 9.0000E+001; 1.7418E+002; 9.0000E+001; 1.4771E+002; 9.0000E+001; 5.8778E+001;
 9.1000E+001; 3.3265E+002; 9.1000E+001; 2.8414E+002; 9.1000E+001; 2.4185E+002; 9.1000E+001; 2.0590E+002; 9.1000E+001; 1.7543E+002; 9.1000E+001; 1.4894E+002; 9.1000E+001; 5.9589E+001;
 9.2000E+001; 3.3377E+002; 9.2000E+001; 2.8535E+002; 9.2000E+001; 2.4312E+002; 9.2000E+001; 2.0714E+002; 9.2000E+001; 1.7667E+002; 9.2000E+001; 1.5017E+002; 9.2000E+001; 6.0401E+001;
 9.3000E+001; 3.3488E+002; 9.3000E+001; 2.8656E+002; 9.3000E+001; 2.4437E+002; 9.3000E+001; 2.0838E+002; 9.3000E+001; 1.7791E+002; 9.3000E+001; 1.5139E+002; 9.3000E+001; 6.1215E+001;
 9.4000E+001; 3.3598E+002; 9.4000E+001; 2.8775E+002; 9.4000E+001; 2.4562E+002; 9.4000E+001; 2.0962E+002; 9.4000E+001; 1.7913E+002; 9.4000E+001; 1.5260E+002; 9.4000E+001; 6.2029E+001;
 9.5000E+001; 3.3707E+002; 9.5000E+001; 2.8894E+002; 9.5000E+001; 2.4686E+002; 9.5000E+001; 2.1084E+002; 9.5000E+001; 1.8035E+002; 9.5000E+001; 1.5380E+002; 9.5000E+001; 6.2845E+001;
 9.6000E+001; 3.3816E+002; 9.6000E+001; 2.9011E+002; 9.6000E+001; 2.4808E+002; 9.6000E+001; 2.1206E+002; 9.6000E+001; 1.8156E+002; 9.6000E+001; 1.5500E+002; 9.6000E+001; 6.3662E+001;
 9.7000E+001; 3.3923E+002; 9.7000E+001; 2.9128E+002; 9.7000E+001; 2.4930E+002; 9.7000E+001; 2.1327E+002; 9.7000E+001; 1.8276E+002; 9.7000E+001; 1.5619E+002; 9.7000E+001; 6.4480E+001;
 9.8000E+001; 3.4030E+002; 9.8000E+001; 2.9244E+002; 9.8000E+001; 2.5051E+002; 9.8000E+001; 2.1448E+002; 9.8000E+001; 1.8396E+002; 9.8000E+001; 1.5737E+002; 9.8000E+001; 6.5299E+001;
 9.9000E+001; 3.4136E+002; 9.9000E+001; 2.9359E+002; 9.9000E+001; 2.5171E+002; 9.9000E+001; 2.1568E+002; 9.9000E+001; 1.8515E+002; 9.9000E+001; 1.5855E+002; 9.9000E+001; 6.6119E+001;
 1.0000E+002; 3.4242E+002; 1.0000E+002; 2.9473E+002; 1.0000E+002; 2.5291E+002; 1.0000E+002; 2.1688E+002; 1.0000E+002; 1.8633E+002; 1.0000E+002; 1.5972E+002; 1.0000E+002; 6.6939E+001;
 1.0100E+002; 3.4346E+002; 1.0100E+002; 2.9586E+002; 1.0100E+002; 2.5409E+002; 1.0100E+002; 2.1806E+002; 1.0100E+002; 1.8750E+002; 1.0100E+002; 1.6089E+002; 1.0100E+002; 6.7760E+001;
 1.0200E+002; 3.4450E+002; 1.0200E+002; 2.9699E+002; 1.0200E+002; 2.5527E+002; 1.0200E+002; 2.1925E+002; 1.0200E+002; 1.8867E+002; 1.0200E+002; 1.6205E+002; 1.0200E+002; 6.8582E+001;
 1.0300E+002; 3.4553E+002; 1.0300E+002; 2.9810E+002; 1.0300E+002; 2.5644E+002; 1.0300E+002; 2.2042E+002; 1.0300E+002; 1.8983E+002; 1.0300E+002; 1.6320E+002; 1.0300E+002; 6.9404E+001;
 1.0400E+002; 3.4656E+002; 1.0400E+002; 2.9921E+002; 1.0400E+002; 2.5760E+002; 1.0400E+002; 2.2159E+002; 1.0400E+002; 1.9099E+002; 1.0400E+002; 1.6435E+002; 1.0400E+002; 7.0227E+001;
 1.0500E+002; 3.4758E+002; 1.0500E+002; 3.0032E+002; 1.0500E+002; 2.5876E+002; 1.0500E+002; 2.2276E+002; 1.0500E+002; 1.9214E+002; 1.0500E+002; 1.6549E+002; 1.0500E+002; 7.1050E+001;
 1.0600E+002; 3.4859E+002; 1.0600E+002; 3.0141E+002; 1.0600E+002; 2.5991E+002; 1.0600E+002; 2.2391E+002; 1.0600E+002; 1.9329E+002; 1.0600E+002; 1.6663E+002; 1.0600E+002; 7.1873E+001;
 1.0700E+002; 3.4960E+002; 1.0700E+002; 3.0250E+002; 1.0700E+002; 2.6105E+002; 1.0700E+002; 2.2507E+002; 1.0700E+002; 1.9443E+002; 1.0700E+002; 1.6776E+002; 1.0700E+002; 7.2697E+001;
 1.0800E+002; 3.5060E+002; 1.0800E+002; 3.0358E+002; 1.0800E+002; 2.6218E+002; 1.0800E+002; 2.2622E+002; 1.0800E+002; 1.9556E+002; 1.0800E+002; 1.6889E+002; 1.0800E+002; 7.3521E+001;
 1.0900E+002; 3.5159E+002; 1.0900E+002; 3.0465E+002; 1.0900E+002; 2.6331E+002; 1.0900E+002; 2.2737E+002; 1.0900E+002; 1.9669E+002; 1.0900E+002; 1.7001E+002; 1.0900E+002; 7.4345E+001;
 1.1000E+002; 3.5258E+002; 1.1000E+002; 3.0572E+002; 1.1000E+002; 2.6443E+002; 1.1000E+002; 2.2851E+002; 1.1000E+002; 1.9782E+002; 1.1000E+002; 1.7113E+002; 1.1000E+002; 7.5169E+001;
 1.1100E+002; 3.5356E+002; 1.1100E+002; 3.0678E+002; 1.1100E+002; 2.6555E+002; 1.1100E+002; 2.2964E+002; 1.1100E+002; 1.9894E+002; 1.1100E+002; 1.7225E+002; 1.1100E+002; 7.5994E+001;
 1.1200E+002; 3.5454E+002; 1.1200E+002; 3.0784E+002; 1.1200E+002; 2.6666E+002; 1.1200E+002; 2.3077E+002; 1.1200E+002; 2.0005E+002; 1.1200E+002; 1.7336E+002; 1.1200E+002; 7.6819E+001;
 1.1300E+002; 3.5551E+002; 1.1300E+002; 3.0889E+002; 1.1300E+002; 2.6776E+002; 1.1300E+002; 2.3190E+002; 1.1300E+002; 2.0116E+002; 1.1300E+002; 1.7446E+002; 1.1300E+002; 7.7643E+001;
 1.1400E+002; 3.5647E+002; 1.1400E+002; 3.0993E+002; 1.1400E+002; 2.6886E+002; 1.1400E+002; 2.3302E+002; 1.1400E+002; 2.0227E+002; 1.1400E+002; 1.7556E+002; 1.1400E+002; 7.8468E+001;
 1.1500E+002; 3.5743E+002; 1.1500E+002; 3.1097E+002; 1.1500E+002; 2.6995E+002; 1.1500E+002; 2.3413E+002; 1.1500E+002; 2.0337E+002; 1.1500E+002; 1.7665E+002; 1.1500E+002; 7.9293E+001;
 1.1600E+002; 3.5839E+002; 1.1600E+002; 3.1200E+002; 1.1600E+002; 2.7103E+002; 1.1600E+002; 2.3525E+002; 1.1600E+002; 2.0447E+002; 1.1600E+002; 1.7774E+002; 1.1600E+002; 8.0118E+001;
 1.1700E+002; 3.5934E+002; 1.1700E+002; 3.1303E+002; 1.1700E+002; 2.7212E+002; 1.1700E+002; 2.3635E+002; 1.1700E+002; 2.0557E+002; 1.1700E+002; 1.7883E+002; 1.1700E+002; 8.0943E+001;
 1.1800E+002; 3.6028E+002; 1.1800E+002; 3.1405E+002; 1.1800E+002; 2.7319E+002; 1.1800E+002; 2.3745E+002; 1.1800E+002; 2.0666E+002; 1.1800E+002; 1.7990E+002; 1.1800E+002; 8.1768E+001;
 1.1900E+002; 3.6123E+002; 1.1900E+002; 3.1507E+002; 1.1900E+002; 2.7426E+002; 1.1900E+002; 2.3855E+002; 1.1900E+002; 2.0775E+002; 1.1900E+002; 1.8098E+002; 1.1900E+002; 8.2593E+001;
 1.2000E+002; 3.6216E+002; 1.2000E+002; 3.1608E+002; 1.2000E+002; 2.7532E+002; 1.2000E+002; 2.3964E+002; 1.2000E+002; 2.0883E+002; 1.2000E+002; 1.8205E+002; 1.2000E+002; 8.3418E+001;
 1.2100E+002; 3.6309E+002; 1.2100E+002; 3.1708E+002; 1.2100E+002; 2.7638E+002; 1.2100E+002; 2.4073E+002; 1.2100E+002; 2.0992E+002; 1.2100E+002; 1.8312E+002; 1.2100E+002; 8.4243E+001;
 1.2200E+002; 3.6402E+002; 1.2200E+002; 3.1808E+002; 1.2200E+002; 2.7744E+002; 1.2200E+002; 2.4181E+002; 1.2200E+002; 2.1099E+002; 1.2200E+002; 1.8418E+002; 1.2200E+002; 8.5068E+001;
 1.2300E+002; 3.6494E+002; 1.2300E+002; 3.1908E+002; 1.2300E+002; 2.7849E+002; 1.2300E+002; 2.4289E+002; 1.2300E+002; 2.1207E+002; 1.2300E+002; 1.8524E+002; 1.2300E+002; 8.5893E+001;
 1.2400E+002; 3.6586E+002; 1.2400E+002; 3.2007E+002; 1.2400E+002; 2.7953E+002; 1.2400E+002; 2.4396E+002; 1.2400E+002; 2.1314E+002; 1.2400E+002; 1.8629E+002; 1.2400E+002; 8.6718E+001;
 1.2500E+002; 3.6678E+002; 1.2500E+002; 3.2106E+002; 1.2500E+002; 2.8057E+002; 1.2500E+002; 2.4503E+002; 1.2500E+002; 2.1420E+002; 1.2500E+002; 1.8734E+002; 1.2500E+002; 8.7543E+001;
 1.2600E+002; 3.6769E+002; 1.2600E+002; 3.2204E+002; 1.2600E+002; 2.8160E+002; 1.2600E+002; 2.4609E+002; 1.2600E+002; 2.1526E+002; 1.2600E+002; 1.8839E+002; 1.2600E+002; 8.8368E+001;
 1.2700E+002; 3.6859E+002; 1.2700E+002; 3.2302E+002; 1.2700E+002; 2.8263E+002; 1.2700E+002; 2.4715E+002; 1.2700E+002; 2.1632E+002; 1.2700E+002; 1.8943E+002; 1.2700E+002; 8.9193E+001;
 1.2800E+002; 3.6949E+002; 1.2800E+002; 3.2399E+002; 1.2800E+002; 2.8366E+002; 1.2800E+002; 2.4820E+002; 1.2800E+002; 2.1737E+002; 1.2800E+002; 1.9047E+002; 1.2800E+002; 9.0017E+001;
 1.2900E+002; 3.7039E+002; 1.2900E+002; 3.2496E+002; 1.2900E+002; 2.8467E+002; 1.2900E+002; 2.4925E+002; 1.2900E+002; 2.1841E+002; 1.2900E+002; 1.9150E+002; 1.2900E+002; 9.0841E+001;
 1.3000E+002; 3.7128E+002; 1.3000E+002; 3.2592E+002; 1.3000E+002; 2.8568E+002; 1.3000E+002; 2.5028E+002; 1.3000E+002; 2.1945E+002; 1.3000E+002; 1.9253E+002; 1.3000E+002; 9.1665E+001;
 1.3100E+002; 3.7208E+002; 1.3100E+002; 3.2686E+002; 1.3100E+002; 2.8668E+002; 1.3100E+002; 2.5131E+002; 1.3100E+002; 2.2048E+002; 1.3100E+002; 1.9356E+002; 1.3100E+002; 9.2486E+001;
 1.3200E+002; 3.7282E+002; 1.3200E+002; 3.2779E+002; 1.3200E+002; 2.8767E+002; 1.3200E+002; 2.5233E+002; 1.3200E+002; 2.2151E+002; 1.3200E+002; 1.9457E+002; 1.3200E+002; 9.3304E+001;
 1.3300E+002; 3.7352E+002; 1.3300E+002; 3.2868E+002; 1.3300E+002; 2.8865E+002; 1.3300E+002; 2.5334E+002; 1.3300E+002; 2.2252E+002; 1.3300E+002; 1.9558E+002; 1.3300E+002; 9.4118E+001;
 1.3400E+002; 3.7419E+002; 1.3400E+002; 3.2954E+002; 1.3400E+002; 2.8961E+002; 1.3400E+002; 2.5434E+002; 1.3400E+002; 2.2353E+002; 1.3400E+002; 1.9659E+002; 1.3400E+002; 9.4926E+001;
 1.3500E+002; 3.7484E+002; 1.3500E+002; 3.3038E+002; 1.3500E+002; 2.9056E+002; 1.3500E+002; 2.5533E+002; 1.3500E+002; 2.2454E+002; 1.3500E+002; 1.9759E+002; 1.3500E+002; 9.5730E+001;
 1.3600E+002; 3.7548E+002; 1.3600E+002; 3.3120E+002; 1.3600E+002; 2.9148E+002; 1.3600E+002; 2.5631E+002; 1.3600E+002; 2.2553E+002; 1.3600E+002; 1.9859E+002; 1.3600E+002; 9.6529E+001;
 1.3700E+002; 3.7609E+002; 1.3700E+002; 3.3200E+002; 1.3700E+002; 2.9240E+002; 1.3700E+002; 2.5728E+002; 1.3700E+002; 2.2652E+002; 1.3700E+002; 1.9958E+002; 1.3700E+002; 9.7324E+001;
 1.3800E+002; 3.7669E+002; 1.3800E+002; 3.3279E+002; 1.3800E+002; 2.9329E+002; 1.3800E+002; 2.5823E+002; 1.3800E+002; 2.2750E+002; 1.3800E+002; 2.0057E+002; 1.3800E+002; 9.8116E+001;
 1.3900E+002; 3.7727E+002; 1.3900E+002; 3.3355E+002; 1.3900E+002; 2.9417E+002; 1.3900E+002; 2.5918E+002; 1.3900E+002; 2.2847E+002; 1.3900E+002; 2.0155E+002; 1.3900E+002; 9.8904E+001;
 1.4000E+002; 3.7785E+002; 1.4000E+002; 3.3430E+002; 1.4000E+002; 2.9504E+002; 1.4000E+002; 2.6011E+002; 1.4000E+002; 2.2944E+002; 1.4000E+002; 2.0252E+002; 1.4000E+002; 9.9690E+001;
 1.4100E+002; 3.7841E+002; 1.4100E+002; 3.3504E+002; 1.4100E+002; 2.9590E+002; 1.4100E+002; 2.6103E+002; 1.4100E+002; 2.3039E+002; 1.4100E+002; 2.0349E+002; 1.4100E+002; 1.0047E+002;
 1.4200E+002; 3.7896E+002; 1.4200E+002; 3.3576E+002; 1.4200E+002; 2.9674E+002; 1.4200E+002; 2.6194E+002; 1.4200E+002; 2.3134E+002; 1.4200E+002; 2.0445E+002; 1.4200E+002; 1.0125E+002;
 1.4300E+002; 3.7949E+002; 1.4300E+002; 3.3648E+002; 1.4300E+002; 2.9757E+002; 1.4300E+002; 2.6285E+002; 1.4300E+002; 2.3228E+002; 1.4300E+002; 2.0541E+002; 1.4300E+002; 1.0203E+002;
 1.4400E+002; 3.8002E+002; 1.4400E+002; 3.3718E+002; 1.4400E+002; 2.9839E+002; 1.4400E+002; 2.6374E+002; 1.4400E+002; 2.3321E+002; 1.4400E+002; 2.0636E+002; 1.4400E+002; 1.0281E+002;
 1.4500E+002; 3.8054E+002; 1.4500E+002; 3.3786E+002; 1.4500E+002; 2.9919E+002; 1.4500E+002; 2.6462E+002; 1.4500E+002; 2.3413E+002; 1.4500E+002; 2.0730E+002; 1.4500E+002; 1.0358E+002;
 1.4600E+002; 3.8106E+002; 1.4600E+002; 3.3854E+002; 1.4600E+002; 2.9999E+002; 1.4600E+002; 2.6549E+002; 1.4600E+002; 2.3504E+002; 1.4600E+002; 2.0824E+002; 1.4600E+002; 1.0435E+002;
 1.4700E+002; 3.8156E+002; 1.4700E+002; 3.3921E+002; 1.4700E+002; 3.0077E+002; 1.4700E+002; 2.6635E+002; 1.4700E+002; 2.3595E+002; 1.4700E+002; 2.0917E+002; 1.4700E+002; 1.0512E+002;
 1.4800E+002; 3.8206E+002; 1.4800E+002; 3.3987E+002; 1.4800E+002; 3.0155E+002; 1.4800E+002; 2.6720E+002; 1.4800E+002; 2.3685E+002; 1.4800E+002; 2.1010E+002; 1.4800E+002; 1.0589E+002;
 1.4900E+002; 3.8255E+002; 1.4900E+002; 3.4051E+002; 1.4900E+002; 3.0232E+002; 1.4900E+002; 2.6805E+002; 1.4900E+002; 2.3774E+002; 1.4900E+002; 2.1102E+002; 1.4900E+002; 1.0665E+002;
 1.5000E+002; 3.8303E+002; 1.5000E+002; 3.4115E+002; 1.5000E+002; 3.0307E+002; 1.5000E+002; 2.6888E+002; 1.5000E+002; 2.3862E+002; 1.5000E+002; 2.1193E+002; 1.5000E+002; 1.0741E+002;
 1.5100E+002; 3.8350E+002; 1.5100E+002; 3.4178E+002; 1.5100E+002; 3.0382E+002; 1.5100E+002; 2.6971E+002; 1.5100E+002; 2.3949E+002; 1.5100E+002; 2.1283E+002; 1.5100E+002; 1.0817E+002;
 1.5200E+002; 3.8397E+002; 1.5200E+002; 3.4241E+002; 1.5200E+002; 3.0456E+002; 1.5200E+002; 2.7052E+002; 1.5200E+002; 2.4036E+002; 1.5200E+002; 2.1373E+002; 1.5200E+002; 1.0893E+002;
 1.5300E+002; 3.8443E+002; 1.5300E+002; 3.4302E+002; 1.5300E+002; 3.0529E+002; 1.5300E+002; 2.7133E+002; 1.5300E+002; 2.4122E+002; 1.5300E+002; 2.1462E+002; 1.5300E+002; 1.0969E+002;
 1.5400E+002; 3.8489E+002; 1.5400E+002; 3.4363E+002; 1.5400E+002; 3.0601E+002; 1.5400E+002; 2.7213E+002; 1.5400E+002; 2.4207E+002; 1.5400E+002; 2.1551E+002; 1.5400E+002; 1.1044E+002;
 1.5500E+002; 3.8534E+002; 1.5500E+002; 3.4423E+002; 1.5500E+002; 3.0672E+002; 1.5500E+002; 2.7293E+002; 1.5500E+002; 2.4291E+002; 1.5500E+002; 2.1639E+002; 1.5500E+002; 1.1119E+002;
 1.5600E+002; 3.8578E+002; 1.5600E+002; 3.4482E+002; 1.5600E+002; 3.0743E+002; 1.5600E+002; 2.7371E+002; 1.5600E+002; 2.4375E+002; 1.5600E+002; 2.1726E+002; 1.5600E+002; 1.1194E+002;
 1.5700E+002; 3.8622E+002; 1.5700E+002; 3.4541E+002; 1.5700E+002; 3.0813E+002; 1.5700E+002; 2.7449E+002; 1.5700E+002; 2.4458E+002; 1.5700E+002; 2.1812E+002; 1.5700E+002; 1.1268E+002;
 1.5800E+002; 3.8666E+002; 1.5800E+002; 3.4598E+002; 1.5800E+002; 3.0882E+002; 1.5800E+002; 2.7526E+002; 1.5800E+002; 2.4540E+002; 1.5800E+002; 2.1898E+002; 1.5800E+002; 1.1343E+002;
 1.5900E+002; 3.8708E+002; 1.5900E+002; 3.4656E+002; 1.5900E+002; 3.0950E+002; 1.5900E+002; 2.7602E+002; 1.5900E+002; 2.4622E+002; 1.5900E+002; 2.1984E+002; 1.5900E+002; 1.1417E+002;
 1.6000E+002; 3.8751E+002; 1.6000E+002; 3.4712E+002; 1.6000E+002; 3.1018E+002; 1.6000E+002; 2.7678E+002; 1.6000E+002; 2.4703E+002; 1.6000E+002; 2.2069E+002; 1.6000E+002; 1.1491E+002;
 1.6100E+002; 3.8793E+002; 1.6100E+002; 3.4768E+002; 1.6100E+002; 3.1084E+002; 1.6100E+002; 2.7753E+002; 1.6100E+002; 2.4783E+002; 1.6100E+002; 2.2153E+002; 1.6100E+002; 1.1565E+002;
 1.6200E+002; 3.8834E+002; 1.6200E+002; 3.4823E+002; 1.6200E+002; 3.1151E+002; 1.6200E+002; 2.7827E+002; 1.6200E+002; 2.4863E+002; 1.6200E+002; 2.2236E+002; 1.6200E+002; 1.1638E+002;
 1.6300E+002; 3.8875E+002; 1.6300E+002; 3.4878E+002; 1.6300E+002; 3.1216E+002; 1.6300E+002; 2.7901E+002; 1.6300E+002; 2.4941E+002; 1.6300E+002; 2.2319E+002; 1.6300E+002; 1.1711E+002;
 1.6400E+002; 3.8916E+002; 1.6400E+002; 3.4932E+002; 1.6400E+002; 3.1281E+002; 1.6400E+002; 2.7973E+002; 1.6400E+002; 2.5020E+002; 1.6400E+002; 2.2401E+002; 1.6400E+002; 1.1784E+002;
 1.6500E+002; 3.8956E+002; 1.6500E+002; 3.4986E+002; 1.6500E+002; 3.1346E+002; 1.6500E+002; 2.8046E+002; 1.6500E+002; 2.5097E+002; 1.6500E+002; 2.2483E+002; 1.6500E+002; 1.1857E+002;
 1.6600E+002; 3.8996E+002; 1.6600E+002; 3.5039E+002; 1.6600E+002; 3.1409E+002; 1.6600E+002; 2.8117E+002; 1.6600E+002; 2.5174E+002; 1.6600E+002; 2.2564E+002; 1.6600E+002; 1.1929E+002;
 1.6700E+002; 3.9035E+002; 1.6700E+002; 3.5092E+002; 1.6700E+002; 3.1473E+002; 1.6700E+002; 2.8188E+002; 1.6700E+002; 2.5251E+002; 1.6700E+002; 2.2644E+002; 1.6700E+002; 1.2001E+002;
 1.6800E+002; 3.9074E+002; 1.6800E+002; 3.5144E+002; 1.6800E+002; 3.1535E+002; 1.6800E+002; 2.8259E+002; 1.6800E+002; 2.5327E+002; 1.6800E+002; 2.2724E+002; 1.6800E+002; 1.2073E+002;
 1.6900E+002; 3.9112E+002; 1.6900E+002; 3.5195E+002; 1.6900E+002; 3.1597E+002; 1.6900E+002; 2.8329E+002; 1.6900E+002; 2.5402E+002; 1.6900E+002; 2.2804E+002; 1.6900E+002; 1.2144E+002;
 1.7000E+002; 3.9150E+002; 1.7000E+002; 3.5246E+002; 1.7000E+002; 3.1659E+002; 1.7000E+002; 2.8398E+002; 1.7000E+002; 2.5477E+002; 1.7000E+002; 2.2883E+002; 1.7000E+002; 1.2216E+002;
 1.7100E+002; 3.9188E+002; 1.7100E+002; 3.5297E+002; 1.7100E+002; 3.1719E+002; 1.7100E+002; 2.8467E+002; 1.7100E+002; 2.5551E+002; 1.7100E+002; 2.2961E+002; 1.7100E+002; 1.2287E+002;
 1.7200E+002; 3.9226E+002; 1.7200E+002; 3.5347E+002; 1.7200E+002; 3.1780E+002; 1.7200E+002; 2.8535E+002; 1.7200E+002; 2.5624E+002; 1.7200E+002; 2.3038E+002; 1.7200E+002; 1.2357E+002;
 1.7300E+002; 3.9263E+002; 1.7300E+002; 3.5397E+002; 1.7300E+002; 3.1840E+002; 1.7300E+002; 2.8602E+002; 1.7300E+002; 2.5697E+002; 1.7300E+002; 2.3115E+002; 1.7300E+002; 1.2428E+002;
 1.7400E+002; 3.9299E+002; 1.7400E+002; 3.5446E+002; 1.7400E+002; 3.1899E+002; 1.7400E+002; 2.8669E+002; 1.7400E+002; 2.5770E+002; 1.7400E+002; 2.3192E+002; 1.7400E+002; 1.2498E+002;
 1.7500E+002; 3.9336E+002; 1.7500E+002; 3.5495E+002; 1.7500E+002; 3.1958E+002; 1.7500E+002; 2.8736E+002; 1.7500E+002; 2.5841E+002; 1.7500E+002; 2.3268E+002; 1.7500E+002; 1.2567E+002;
 1.7600E+002; 3.9372E+002; 1.7600E+002; 3.5543E+002; 1.7600E+002; 3.2016E+002; 1.7600E+002; 2.8802E+002; 1.7600E+002; 2.5913E+002; 1.7600E+002; 2.3344E+002; 1.7600E+002; 1.2637E+002;
 1.7700E+002; 3.9408E+002; 1.7700E+002; 3.5591E+002; 1.7700E+002; 3.2074E+002; 1.7700E+002; 2.8867E+002; 1.7700E+002; 2.5984E+002; 1.7700E+002; 2.3419E+002; 1.7700E+002; 1.2706E+002;
 1.7800E+002; 3.9443E+002; 1.7800E+002; 3.5638E+002; 1.7800E+002; 3.2131E+002; 1.7800E+002; 2.8932E+002; 1.7800E+002; 2.6054E+002; 1.7800E+002; 2.3493E+002; 1.7800E+002; 1.2774E+002;
 1.7900E+002; 3.9478E+002; 1.7900E+002; 3.5686E+002; 1.7900E+002; 3.2188E+002; 1.7900E+002; 2.8997E+002; 1.7900E+002; 2.6124E+002; 1.7900E+002; 2.3567E+002; 1.7900E+002; 1.2843E+002;
 1.8000E+002; 3.9513E+002; 1.8000E+002; 3.5732E+002; 1.8000E+002; 3.2244E+002; 1.8000E+002; 2.9061E+002; 1.8000E+002; 2.6193E+002; 1.8000E+002; 2.3640E+002; 1.8000E+002; 1.2911E+002;
 1.8100E+002; 3.9547E+002; 1.8100E+002; 3.5779E+002; 1.8100E+002; 3.2300E+002; 1.8100E+002; 2.9124E+002; 1.8100E+002; 2.6262E+002; 1.8100E+002; 2.3713E+002; 1.8100E+002; 1.2979E+002;
 1.8200E+002; 3.9582E+002; 1.8200E+002; 3.5824E+002; 1.8200E+002; 3.2356E+002; 1.8200E+002; 2.9187E+002; 1.8200E+002; 2.6330E+002; 1.8200E+002; 2.3786E+002; 1.8200E+002; 1.3046E+002;
 1.8300E+002; 3.9615E+002; 1.8300E+002; 3.5870E+002; 1.8300E+002; 3.2411E+002; 1.8300E+002; 2.9250E+002; 1.8300E+002; 2.6398E+002; 1.8300E+002; 2.3858E+002; 1.8300E+002; 1.3113E+002;
 1.8400E+002; 3.9649E+002; 1.8400E+002; 3.5915E+002; 1.8400E+002; 3.2466E+002; 1.8400E+002; 2.9312E+002; 1.8400E+002; 2.6466E+002; 1.8400E+002; 2.3929E+002; 1.8400E+002; 1.3180E+002;
 1.8500E+002; 3.9682E+002; 1.8500E+002; 3.5960E+002; 1.8500E+002; 3.2520E+002; 1.8500E+002; 2.9373E+002; 1.8500E+002; 2.6533E+002; 1.8500E+002; 2.4000E+002; 1.8500E+002; 1.3246E+002;
 1.8600E+002; 3.9716E+002; 1.8600E+002; 3.6004E+002; 1.8600E+002; 3.2574E+002; 1.8600E+002; 2.9434E+002; 1.8600E+002; 2.6599E+002; 1.8600E+002; 2.4070E+002; 1.8600E+002; 1.3312E+002;
 1.8700E+002; 3.9748E+002; 1.8700E+002; 3.6048E+002; 1.8700E+002; 3.2627E+002; 1.8700E+002; 2.9495E+002; 1.8700E+002; 2.6665E+002; 1.8700E+002; 2.4140E+002; 1.8700E+002; 1.3377E+002;
 1.8800E+002; 3.9781E+002; 1.8800E+002; 3.6092E+002; 1.8800E+002; 3.2680E+002; 1.8800E+002; 2.9555E+002; 1.8800E+002; 2.6731E+002; 1.8800E+002; 2.4210E+002; 1.8800E+002; 1.3443E+002;
 1.8900E+002; 3.9813E+002; 1.8900E+002; 3.6135E+002; 1.8900E+002; 3.2732E+002; 1.8900E+002; 2.9615E+002; 1.8900E+002; 2.6796E+002; 1.8900E+002; 2.4279E+002; 1.8900E+002; 1.3508E+002;
 1.9000E+002; 3.9845E+002; 1.9000E+002; 3.6178E+002; 1.9000E+002; 3.2785E+002; 1.9000E+002; 2.9675E+002; 1.9000E+002; 2.6861E+002; 1.9000E+002; 2.4348E+002; 1.9000E+002; 1.3572E+002;
 1.9100E+002; 3.9877E+002; 1.9100E+002; 3.6221E+002; 1.9100E+002; 3.2836E+002; 1.9100E+002; 2.9734E+002; 1.9100E+002; 2.6925E+002; 1.9100E+002; 2.4416E+002; 1.9100E+002; 1.3636E+002;
 1.9200E+002; 3.9908E+002; 1.9200E+002; 3.6263E+002; 1.9200E+002; 3.2888E+002; 1.9200E+002; 2.9792E+002; 1.9200E+002; 2.6989E+002; 1.9200E+002; 2.4483E+002; 1.9200E+002; 1.3700E+002;
 1.9300E+002; 3.9940E+002; 1.9300E+002; 3.6306E+002; 1.9300E+002; 3.2939E+002; 1.9300E+002; 2.9850E+002; 1.9300E+002; 2.7052E+002; 1.9300E+002; 2.4551E+002; 1.9300E+002; 1.3764E+002;
 1.9400E+002; 3.9971E+002; 1.9400E+002; 3.6347E+002; 1.9400E+002; 3.2989E+002; 1.9400E+002; 2.9908E+002; 1.9400E+002; 2.7115E+002; 1.9400E+002; 2.4618E+002; 1.9400E+002; 1.3827E+002;
 1.9500E+002; 4.0002E+002; 1.9500E+002; 3.6389E+002; 1.9500E+002; 3.3040E+002; 1.9500E+002; 2.9966E+002; 1.9500E+002; 2.7178E+002; 1.9500E+002; 2.4684E+002; 1.9500E+002; 1.3890E+002;
 1.9600E+002; 4.0032E+002; 1.9600E+002; 3.6430E+002; 1.9600E+002; 3.3090E+002; 1.9600E+002; 3.0022E+002; 1.9600E+002; 2.7240E+002; 1.9600E+002; 2.4750E+002; 1.9600E+002; 1.3952E+002;
 1.9700E+002; 4.0063E+002; 1.9700E+002; 3.6471E+002; 1.9700E+002; 3.3139E+002; 1.9700E+002; 3.0079E+002; 1.9700E+002; 2.7302E+002; 1.9700E+002; 2.4815E+002; 1.9700E+002; 1.4014E+002;
 1.9800E+002; 4.0093E+002; 1.9800E+002; 3.6511E+002; 1.9800E+002; 3.3188E+002; 1.9800E+002; 3.0135E+002; 1.9800E+002; 2.7363E+002; 1.9800E+002; 2.4881E+002; 1.9800E+002; 1.4076E+002;
 1.9900E+002; 4.0123E+002; 1.9900E+002; 3.6551E+002; 1.9900E+002; 3.3237E+002; 1.9900E+002; 3.0191E+002; 1.9900E+002; 2.7424E+002; 1.9900E+002; 2.4945E+002; 1.9900E+002; 1.4137E+002;
 2.0000E+002; 4.0152E+002; 2.0000E+002; 3.6591E+002; 2.0000E+002; 3.3286E+002; 2.0000E+002; 3.0246E+002; 2.0000E+002; 2.7485E+002; 2.0000E+002; 2.5010E+002; 2.0000E+002; 1.4198E+002;
 2.0100E+002; 4.0182E+002; 2.0100E+002; 3.6631E+002; 2.0100E+002; 3.3334E+002; 2.0100E+002; 3.0301E+002; 2.0100E+002; 2.7545E+002; 2.0100E+002; 2.5073E+002; 2.0100E+002; 1.4259E+002;
 2.0200E+002; 4.0211E+002; 2.0200E+002; 3.6670E+002; 2.0200E+002; 3.3382E+002; 2.0200E+002; 3.0356E+002; 2.0200E+002; 2.7605E+002; 2.0200E+002; 2.5137E+002; 2.0200E+002; 1.4319E+002;
 2.0300E+002; 4.0240E+002; 2.0300E+002; 3.6709E+002; 2.0300E+002; 3.3429E+002; 2.0300E+002; 3.0410E+002; 2.0300E+002; 2.7664E+002; 2.0300E+002; 2.5200E+002; 2.0300E+002; 1.4379E+002;
 2.0400E+002; 4.0269E+002; 2.0400E+002; 3.6748E+002; 2.0400E+002; 3.3476E+002; 2.0400E+002; 3.0464E+002; 2.0400E+002; 2.7723E+002; 2.0400E+002; 2.5263E+002; 2.0400E+002; 1.4438E+002;
 2.0500E+002; 4.0298E+002; 2.0500E+002; 3.6787E+002; 2.0500E+002; 3.3523E+002; 2.0500E+002; 3.0518E+002; 2.0500E+002; 2.7782E+002; 2.0500E+002; 2.5325E+002; 2.0500E+002; 1.4498E+002;
 2.0600E+002; 4.0326E+002; 2.0600E+002; 3.6825E+002; 2.0600E+002; 3.3570E+002; 2.0600E+002; 3.0571E+002; 2.0600E+002; 2.7840E+002; 2.0600E+002; 2.5387E+002; 2.0600E+002; 1.4557E+002;
 2.0700E+002; 4.0354E+002; 2.0700E+002; 3.6863E+002; 2.0700E+002; 3.3616E+002; 2.0700E+002; 3.0624E+002; 2.0700E+002; 2.7898E+002; 2.0700E+002; 2.5448E+002; 2.0700E+002; 1.4615E+002;
 2.0800E+002; 4.0382E+002; 2.0800E+002; 3.6901E+002; 2.0800E+002; 3.3662E+002; 2.0800E+002; 3.0677E+002; 2.0800E+002; 2.7956E+002; 2.0800E+002; 2.5509E+002; 2.0800E+002; 1.4673E+002;
 2.0900E+002; 4.0410E+002; 2.0900E+002; 3.6938E+002; 2.0900E+002; 3.3707E+002; 2.0900E+002; 3.0729E+002; 2.0900E+002; 2.8013E+002; 2.0900E+002; 2.5570E+002; 2.0900E+002; 1.4731E+002;
 2.1000E+002; 4.0438E+002; 2.1000E+002; 3.6975E+002; 2.1000E+002; 3.3753E+002; 2.1000E+002; 3.0781E+002; 2.1000E+002; 2.8070E+002; 2.1000E+002; 2.5630E+002; 2.1000E+002; 1.4788E+002;
 2.1100E+002; 4.0465E+002; 2.1100E+002; 3.7012E+002; 2.1100E+002; 3.3798E+002; 2.1100E+002; 3.0832E+002; 2.1100E+002; 2.8126E+002; 2.1100E+002; 2.5690E+002; 2.1100E+002; 1.4845E+002;
 2.1200E+002; 4.0493E+002; 2.1200E+002; 3.7049E+002; 2.1200E+002; 3.3842E+002; 2.1200E+002; 3.0883E+002; 2.1200E+002; 2.8183E+002; 2.1200E+002; 2.5750E+002; 2.1200E+002; 1.4902E+002;
 2.1300E+002; 4.0520E+002; 2.1300E+002; 3.7085E+002; 2.1300E+002; 3.3887E+002; 2.1300E+002; 3.0934E+002; 2.1300E+002; 2.8238E+002; 2.1300E+002; 2.5809E+002; 2.1300E+002; 1.4959E+002;
 2.1400E+002; 4.0547E+002; 2.1400E+002; 3.7122E+002; 2.1400E+002; 3.3931E+002; 2.1400E+002; 3.0985E+002; 2.1400E+002; 2.8294E+002; 2.1400E+002; 2.5868E+002; 2.1400E+002; 1.5015E+002;
 2.1500E+002; 4.0574E+002; 2.1500E+002; 3.7158E+002; 2.1500E+002; 3.3975E+002; 2.1500E+002; 3.1035E+002; 2.1500E+002; 2.8349E+002; 2.1500E+002; 2.5927E+002; 2.1500E+002; 1.5070E+002;
 2.1600E+002; 4.0600E+002; 2.1600E+002; 3.7193E+002; 2.1600E+002; 3.4018E+002; 2.1600E+002; 3.1085E+002; 2.1600E+002; 2.8404E+002; 2.1600E+002; 2.5985E+002; 2.1600E+002; 1.5126E+002;
 2.1700E+002; 4.0627E+002; 2.1700E+002; 3.7229E+002; 2.1700E+002; 3.4061E+002; 2.1700E+002; 3.1135E+002; 2.1700E+002; 2.8458E+002; 2.1700E+002; 2.6043E+002; 2.1700E+002; 1.5181E+002;
 2.1800E+002; 4.0653E+002; 2.1800E+002; 3.7264E+002; 2.1800E+002; 3.4104E+002; 2.1800E+002; 3.1184E+002; 2.1800E+002; 2.8512E+002; 2.1800E+002; 2.6100E+002; 2.1800E+002; 1.5235E+002;
 2.1900E+002; 4.0679E+002; 2.1900E+002; 3.7299E+002; 2.1900E+002; 3.4147E+002; 2.1900E+002; 3.1233E+002; 2.1900E+002; 2.8566E+002; 2.1900E+002; 2.6157E+002; 2.1900E+002; 1.5290E+002;
 2.2000E+002; 4.0705E+002; 2.2000E+002; 3.7334E+002; 2.2000E+002; 3.4189E+002; 2.2000E+002; 3.1281E+002; 2.2000E+002; 2.8619E+002; 2.2000E+002; 2.6214E+002; 2.2000E+002; 1.5344E+002;
 2.2100E+002; 4.0731E+002; 2.2100E+002; 3.7369E+002; 2.2100E+002; 3.4232E+002; 2.2100E+002; 3.1330E+002; 2.2100E+002; 2.8673E+002; 2.2100E+002; 2.6270E+002; 2.2100E+002; 1.5397E+002;
 2.2200E+002; 4.0756E+002; 2.2200E+002; 3.7403E+002; 2.2200E+002; 3.4273E+002; 2.2200E+002; 3.1378E+002; 2.2200E+002; 2.8725E+002; 2.2200E+002; 2.6326E+002; 2.2200E+002; 1.5451E+002;
 2.2300E+002; 4.0782E+002; 2.2300E+002; 3.7437E+002; 2.2300E+002; 3.4315E+002; 2.2300E+002; 3.1425E+002; 2.2300E+002; 2.8778E+002; 2.2300E+002; 2.6382E+002; 2.2300E+002; 1.5504E+002;
 2.2400E+002; 4.0807E+002; 2.2400E+002; 3.7471E+002; 2.2400E+002; 3.4356E+002; 2.2400E+002; 3.1473E+002; 2.2400E+002; 2.8830E+002; 2.2400E+002; 2.6438E+002; 2.2400E+002; 1.5556E+002;
 2.2500E+002; 4.0832E+002; 2.2500E+002; 3.7505E+002; 2.2500E+002; 3.4397E+002; 2.2500E+002; 3.1520E+002; 2.2500E+002; 2.8882E+002; 2.2500E+002; 2.6493E+002; 2.2500E+002; 1.5609E+002;
 2.2600E+002; 4.0857E+002; 2.2600E+002; 3.7539E+002; 2.2600E+002; 3.4438E+002; 2.2600E+002; 3.1567E+002; 2.2600E+002; 2.8933E+002; 2.2600E+002; 2.6547E+002; 2.2600E+002; 1.5660E+002;
 2.2700E+002; 4.0882E+002; 2.2700E+002; 3.7572E+002; 2.2700E+002; 3.4479E+002; 2.2700E+002; 3.1613E+002; 2.2700E+002; 2.8984E+002; 2.2700E+002; 2.6602E+002; 2.2700E+002; 1.5712E+002;
 2.2800E+002; 4.0907E+002; 2.2800E+002; 3.7605E+002; 2.2800E+002; 3.4519E+002; 2.2800E+002; 3.1660E+002; 2.2800E+002; 2.9035E+002; 2.2800E+002; 2.6656E+002; 2.2800E+002; 1.5763E+002;
 2.2900E+002; 4.0931E+002; 2.2900E+002; 3.7638E+002; 2.2900E+002; 3.4559E+002; 2.2900E+002; 3.1705E+002; 2.2900E+002; 2.9086E+002; 2.2900E+002; 2.6709E+002; 2.2900E+002; 1.5814E+002;
 2.3000E+002; 4.0956E+002; 2.3000E+002; 3.7671E+002; 2.3000E+002; 3.4599E+002; 2.3000E+002; 3.1751E+002; 2.3000E+002; 2.9136E+002; 2.3000E+002; 2.6763E+002; 2.3000E+002; 1.5865E+002;
 2.3100E+002; 4.0980E+002; 2.3100E+002; 3.7703E+002; 2.3100E+002; 3.4639E+002; 2.3100E+002; 3.1797E+002; 2.3100E+002; 2.9186E+002; 2.3100E+002; 2.6816E+002; 2.3100E+002; 1.5915E+002;
 2.3200E+002; 4.1004E+002; 2.3200E+002; 3.7735E+002; 2.3200E+002; 3.4678E+002; 2.3200E+002; 3.1842E+002; 2.3200E+002; 2.9236E+002; 2.3200E+002; 2.6869E+002; 2.3200E+002; 1.5965E+002;
 2.3300E+002; 4.1028E+002; 2.3300E+002; 3.7767E+002; 2.3300E+002; 3.4717E+002; 2.3300E+002; 3.1886E+002; 2.3300E+002; 2.9285E+002; 2.3300E+002; 2.6921E+002; 2.3300E+002; 1.6015E+002;
 2.3400E+002; 4.1052E+002; 2.3400E+002; 3.7799E+002; 2.3400E+002; 3.4756E+002; 2.3400E+002; 3.1931E+002; 2.3400E+002; 2.9334E+002; 2.3400E+002; 2.6973E+002; 2.3400E+002; 1.6064E+002;
 2.3500E+002; 4.1075E+002; 2.3500E+002; 3.7831E+002; 2.3500E+002; 3.4794E+002; 2.3500E+002; 3.1975E+002; 2.3500E+002; 2.9383E+002; 2.3500E+002; 2.7025E+002; 2.3500E+002; 1.6113E+002;
 2.3600E+002; 4.1099E+002; 2.3600E+002; 3.7862E+002; 2.3600E+002; 3.4833E+002; 2.3600E+002; 3.2019E+002; 2.3600E+002; 2.9431E+002; 2.3600E+002; 2.7077E+002; 2.3600E+002; 1.6162E+002;
 2.3700E+002; 4.1122E+002; 2.3700E+002; 3.7894E+002; 2.3700E+002; 3.4871E+002; 2.3700E+002; 3.2063E+002; 2.3700E+002; 2.9479E+002; 2.3700E+002; 2.7128E+002; 2.3700E+002; 1.6210E+002;
 2.3800E+002; 4.1145E+002; 2.3800E+002; 3.7925E+002; 2.3800E+002; 3.4909E+002; 2.3800E+002; 3.2106E+002; 2.3800E+002; 2.9527E+002; 2.3800E+002; 2.7179E+002; 2.3800E+002; 1.6258E+002;
 2.3900E+002; 4.1168E+002; 2.3900E+002; 3.7956E+002; 2.3900E+002; 3.4946E+002; 2.3900E+002; 3.2150E+002; 2.3900E+002; 2.9575E+002; 2.3900E+002; 2.7229E+002; 2.3900E+002; 1.6306E+002;
 2.4000E+002; 4.1191E+002; 2.4000E+002; 3.7986E+002; 2.4000E+002; 3.4984E+002; 2.4000E+002; 3.2193E+002; 2.4000E+002; 2.9622E+002; 2.4000E+002; 2.7280E+002; 2.4000E+002; 1.6353E+002;
