Time (min)  ;Hyd_00mm    ;Time (min)  ;Hyd_10mm    ;Time (min)  ;Hyd_20mm    ;Time (min)  ;Hyd_30mm    ;Time (min)  ;Hyd_40mm    ;Time (min)  ;Hyd_50mm    ;Time (min)  ;Hyd_120mm   ;
 0.0000E+000; 8.9424E-001; 0.0000E+000; 8.4645E-001; 0.0000E+000; 8.1231E-001; 0.0000E+000; 7.8699E-001; 0.0000E+000; 7.6948E-001; 0.0000E+000; 7.5916E-001; 0.0000E+000; 8.9424E-001;
 1.0000E+000; 8.9424E-001; 1.0000E+000; 8.4645E-001; 1.0000E+000; 8.1231E-001; 1.0000E+000; 7.8699E-001; 1.0000E+000; 7.6948E-001; 1.0000E+000; 7.5916E-001; 1.0000E+000; 8.9424E-001;
 2.0000E+000; 8.9424E-001; 2.0000E+000; 8.4645E-001; 2.0000E+000; 8.1231E-001; 2.0000E+000; 7.8699E-001; 2.0000E+000; 7.6948E-001; 2.0000E+000; 7.5916E-001; 2.0000E+000; 8.9424E-001;
 3.0000E+000; 8.9425E-001; 3.0000E+000; 8.4645E-001; 3.0000E+000; 8.1231E-001; 3.0000E+000; 7.8699E-001; 3.0000E+000; 7.6948E-001; 3.0000E+000; 7.5916E-001; 3.0000E+000; 8.9424E-001;
 4.0000E+000; 8.9425E-001; 4.0000E+000; 8.4645E-001; 4.0000E+000; 8.1231E-001; 4.0000E+000; 7.8699E-001; 4.0000E+000; 7.6948E-001; 4.0000E+000; 7.5916E-001; 4.0000E+000; 8.9424E-001;
 5.0000E+000; 8.9425E-001; 5.0000E+000; 8.4646E-001; 5.0000E+000; 8.1231E-001; 5.0000E+000; 7.8699E-001; 5.0000E+000; 7.6948E-001; 5.0000E+000; 7.5916E-001; 5.0000E+000; 8.9424E-001;
 6.0000E+000; 8.9425E-001; 6.0000E+000; 8.4646E-001; 6.0000E+000; 8.1232E-001; 6.0000E+000; 7.8699E-001; 6.0000E+000; 7.6948E-001; 6.0000E+000; 7.5916E-001; 6.0000E+000; 8.9424E-001;
 7.0000E+000; 8.9425E-001; 7.0000E+000; 8.4648E-001; 7.0000E+000; 8.1232E-001; 7.0000E+000; 7.8699E-001; 7.0000E+000; 7.6948E-001; 7.0000E+000; 7.5917E-001; 7.0000E+000; 8.9424E-001;
 8.0000E+000; 8.9425E-001; 8.0000E+000; 8.4650E-001; 8.0000E+000; 8.1232E-001; 8.0000E+000; 7.8699E-001; 8.0000E+000; 7.6948E-001; 8.0000E+000; 7.5917E-001; 8.0000E+000; 8.9424E-001;
 9.0000E+000; 8.9426E-001; 9.0000E+000; 8.4653E-001; 9.0000E+000; 8.1233E-001; 9.0000E+000; 7.8699E-001; 9.0000E+000; 7.6949E-001; 9.0000E+000; 7.5917E-001; 9.0000E+000; 8.9424E-001;
 1.0000E+001; 8.9426E-001; 1.0000E+001; 8.4657E-001; 1.0000E+001; 8.1233E-001; 1.0000E+001; 7.8700E-001; 1.0000E+001; 7.6949E-001; 1.0000E+001; 7.5917E-001; 1.0000E+001; 8.9424E-001;
 1.1000E+001; 8.9427E-001; 1.1000E+001; 8.4664E-001; 1.1000E+001; 8.1234E-001; 1.1000E+001; 7.8700E-001; 1.1000E+001; 7.6949E-001; 1.1000E+001; 7.5917E-001; 1.1000E+001; 8.9424E-001;
 1.2000E+001; 8.9427E-001; 1.2000E+001; 8.4673E-001; 1.2000E+001; 8.1236E-001; 1.2000E+001; 7.8700E-001; 1.2000E+001; 7.6949E-001; 1.2000E+001; 7.5917E-001; 1.2000E+001; 8.9424E-001;
 1.3000E+001; 8.9428E-001; 1.3000E+001; 8.4687E-001; 1.3000E+001; 8.1237E-001; 1.3000E+001; 7.8701E-001; 1.3000E+001; 7.6949E-001; 1.3000E+001; 7.5917E-001; 1.3000E+001; 8.9424E-001;
 1.4000E+001; 8.9428E-001; 1.4000E+001; 8.4704E-001; 1.4000E+001; 8.1239E-001; 1.4000E+001; 7.8701E-001; 1.4000E+001; 7.6949E-001; 1.4000E+001; 7.5917E-001; 1.4000E+001; 8.9424E-001;
 1.5000E+001; 8.9429E-001; 1.5000E+001; 8.4728E-001; 1.5000E+001; 8.1242E-001; 1.5000E+001; 7.8702E-001; 1.5000E+001; 7.6949E-001; 1.5000E+001; 7.5917E-001; 1.5000E+001; 8.9424E-001;
 1.6000E+001; 8.9430E-001; 1.6000E+001; 8.4760E-001; 1.6000E+001; 8.1245E-001; 1.6000E+001; 7.8702E-001; 1.6000E+001; 7.6950E-001; 1.6000E+001; 7.5917E-001; 1.6000E+001; 8.9424E-001;
 1.7000E+001; 8.9431E-001; 1.7000E+001; 8.4802E-001; 1.7000E+001; 8.1249E-001; 1.7000E+001; 7.8703E-001; 1.7000E+001; 7.6950E-001; 1.7000E+001; 7.5917E-001; 1.7000E+001; 8.9424E-001;
 1.8000E+001; 8.9432E-001; 1.8000E+001; 8.4855E-001; 1.8000E+001; 8.1254E-001; 1.8000E+001; 7.8704E-001; 1.8000E+001; 7.6950E-001; 1.8000E+001; 7.5918E-001; 1.8000E+001; 8.9424E-001;
 1.9000E+001; 8.9433E-001; 1.9000E+001; 8.4923E-001; 1.9000E+001; 8.1260E-001; 1.9000E+001; 7.8705E-001; 1.9000E+001; 7.6951E-001; 1.9000E+001; 7.5918E-001; 1.9000E+001; 8.9424E-001;
 2.0000E+001; 8.9434E-001; 2.0000E+001; 8.5010E-001; 2.0000E+001; 8.1267E-001; 2.0000E+001; 7.8707E-001; 2.0000E+001; 7.6951E-001; 2.0000E+001; 7.5918E-001; 2.0000E+001; 8.9424E-001;
 2.1000E+001; 8.9436E-001; 2.1000E+001; 8.5117E-001; 2.1000E+001; 8.1276E-001; 2.1000E+001; 7.8709E-001; 2.1000E+001; 7.6952E-001; 2.1000E+001; 7.5918E-001; 2.1000E+001; 8.9424E-001;
 2.2000E+001; 8.9437E-001; 2.2000E+001; 8.5249E-001; 2.2000E+001; 8.1287E-001; 2.2000E+001; 7.8711E-001; 2.2000E+001; 7.6952E-001; 2.2000E+001; 7.5918E-001; 2.2000E+001; 8.9424E-001;
 2.3000E+001; 8.9439E-001; 2.3000E+001; 8.5411E-001; 2.3000E+001; 8.1300E-001; 2.3000E+001; 7.8713E-001; 2.3000E+001; 7.6953E-001; 2.3000E+001; 7.5919E-001; 2.3000E+001; 8.9424E-001;
 2.4000E+001; 8.9441E-001; 2.4000E+001; 8.5604E-001; 2.4000E+001; 8.1315E-001; 2.4000E+001; 7.8716E-001; 2.4000E+001; 7.6954E-001; 2.4000E+001; 7.5919E-001; 2.4000E+001; 8.9425E-001;
 2.5000E+001; 8.9443E-001; 2.5000E+001; 8.5829E-001; 2.5000E+001; 8.1334E-001; 2.5000E+001; 7.8720E-001; 2.5000E+001; 7.6955E-001; 2.5000E+001; 7.5919E-001; 2.5000E+001; 8.9425E-001;
 2.6000E+001; 8.9445E-001; 2.6000E+001; 8.6086E-001; 2.6000E+001; 8.1355E-001; 2.6000E+001; 7.8724E-001; 2.6000E+001; 7.6956E-001; 2.6000E+001; 7.5920E-001; 2.6000E+001; 8.9425E-001;
 2.7000E+001; 8.9447E-001; 2.7000E+001; 8.6368E-001; 2.7000E+001; 8.1380E-001; 2.7000E+001; 7.8729E-001; 2.7000E+001; 7.6957E-001; 2.7000E+001; 7.5920E-001; 2.7000E+001; 8.9425E-001;
 2.8000E+001; 8.9449E-001; 2.8000E+001; 8.6672E-001; 2.8000E+001; 8.1410E-001; 2.8000E+001; 7.8735E-001; 2.8000E+001; 7.6959E-001; 2.8000E+001; 7.5921E-001; 2.8000E+001; 8.9425E-001;
 2.9000E+001; 8.9452E-001; 2.9000E+001; 8.6990E-001; 2.9000E+001; 8.1443E-001; 2.9000E+001; 7.8741E-001; 2.9000E+001; 7.6960E-001; 2.9000E+001; 7.5921E-001; 2.9000E+001; 8.9425E-001;
 3.0000E+001; 8.9454E-001; 3.0000E+001; 8.7315E-001; 3.0000E+001; 8.1482E-001; 3.0000E+001; 7.8749E-001; 3.0000E+001; 7.6962E-001; 3.0000E+001; 7.5922E-001; 3.0000E+001; 8.9425E-001;
 3.1000E+001; 8.9457E-001; 3.1000E+001; 8.7640E-001; 3.1000E+001; 8.1526E-001; 3.1000E+001; 7.8758E-001; 3.1000E+001; 7.6965E-001; 3.1000E+001; 7.5923E-001; 3.1000E+001; 8.9425E-001;
 3.2000E+001; 8.9460E-001; 3.2000E+001; 8.7959E-001; 3.2000E+001; 8.1577E-001; 3.2000E+001; 7.8768E-001; 3.2000E+001; 7.6967E-001; 3.2000E+001; 7.5924E-001; 3.2000E+001; 8.9425E-001;
 3.3000E+001; 8.9463E-001; 3.3000E+001; 8.8265E-001; 3.3000E+001; 8.1634E-001; 3.3000E+001; 7.8780E-001; 3.3000E+001; 7.6970E-001; 3.3000E+001; 7.5924E-001; 3.3000E+001; 8.9425E-001;
 3.4000E+001; 8.9466E-001; 3.4000E+001; 8.8551E-001; 3.4000E+001; 8.1698E-001; 3.4000E+001; 7.8793E-001; 3.4000E+001; 7.6973E-001; 3.4000E+001; 7.5925E-001; 3.4000E+001; 8.9425E-001;
 3.5000E+001; 8.9469E-001; 3.5000E+001; 8.8811E-001; 3.5000E+001; 8.1771E-001; 3.5000E+001; 7.8808E-001; 3.5000E+001; 7.6977E-001; 3.5000E+001; 7.5927E-001; 3.5000E+001; 8.9425E-001;
 3.6000E+001; 8.9473E-001; 3.6000E+001; 8.9039E-001; 3.6000E+001; 8.1852E-001; 3.6000E+001; 7.8825E-001; 3.6000E+001; 7.6981E-001; 3.6000E+001; 7.5928E-001; 3.6000E+001; 8.9425E-001;
 3.7000E+001; 8.9477E-001; 3.7000E+001; 8.9231E-001; 3.7000E+001; 8.1943E-001; 3.7000E+001; 7.8845E-001; 3.7000E+001; 7.6986E-001; 3.7000E+001; 7.5929E-001; 3.7000E+001; 8.9425E-001;
 3.8000E+001; 8.9480E-001; 3.8000E+001; 8.9389E-001; 3.8000E+001; 8.2044E-001; 3.8000E+001; 7.8866E-001; 3.8000E+001; 7.6991E-001; 3.8000E+001; 7.5931E-001; 3.8000E+001; 8.9425E-001;
 3.9000E+001; 8.9484E-001; 3.9000E+001; 8.9513E-001; 3.9000E+001; 8.2156E-001; 3.9000E+001; 7.8891E-001; 3.9000E+001; 7.6997E-001; 3.9000E+001; 7.5933E-001; 3.9000E+001; 8.9425E-001;
 4.0000E+001; 8.9488E-001; 4.0000E+001; 8.9608E-001; 4.0000E+001; 8.2279E-001; 4.0000E+001; 7.8918E-001; 4.0000E+001; 7.7003E-001; 4.0000E+001; 7.5935E-001; 4.0000E+001; 8.9425E-001;
 4.1000E+001; 8.9493E-001; 4.1000E+001; 8.9682E-001; 4.1000E+001; 8.2416E-001; 4.1000E+001; 7.8949E-001; 4.1000E+001; 7.7011E-001; 4.1000E+001; 7.5937E-001; 4.1000E+001; 8.9425E-001;
 4.2000E+001; 8.9497E-001; 4.2000E+001; 8.9738E-001; 4.2000E+001; 8.2567E-001; 4.2000E+001; 7.8983E-001; 4.2000E+001; 7.7019E-001; 4.2000E+001; 7.5939E-001; 4.2000E+001; 8.9425E-001;
 4.3000E+001; 8.9501E-001; 4.3000E+001; 8.9782E-001; 4.3000E+001; 8.2734E-001; 4.3000E+001; 7.9021E-001; 4.3000E+001; 7.7028E-001; 4.3000E+001; 7.5942E-001; 4.3000E+001; 8.9425E-001;
 4.4000E+001; 8.9506E-001; 4.4000E+001; 8.9818E-001; 4.4000E+001; 8.2917E-001; 4.4000E+001; 7.9064E-001; 4.4000E+001; 7.7039E-001; 4.4000E+001; 7.5945E-001; 4.4000E+001; 8.9425E-001;
 4.5000E+001; 8.9511E-001; 4.5000E+001; 8.9847E-001; 4.5000E+001; 8.3119E-001; 4.5000E+001; 7.9110E-001; 4.5000E+001; 7.7050E-001; 4.5000E+001; 7.5948E-001; 4.5000E+001; 8.9425E-001;
 4.6000E+001; 8.9516E-001; 4.6000E+001; 8.9872E-001; 4.6000E+001; 8.3340E-001; 4.6000E+001; 7.9162E-001; 4.6000E+001; 7.7062E-001; 4.6000E+001; 7.5952E-001; 4.6000E+001; 8.9425E-001;
 4.7000E+001; 8.9521E-001; 4.7000E+001; 8.9893E-001; 4.7000E+001; 8.3582E-001; 4.7000E+001; 7.9219E-001; 4.7000E+001; 7.7076E-001; 4.7000E+001; 7.5956E-001; 4.7000E+001; 8.9425E-001;
 4.8000E+001; 8.9527E-001; 4.8000E+001; 8.9912E-001; 4.8000E+001; 8.3845E-001; 4.8000E+001; 7.9281E-001; 4.8000E+001; 7.7092E-001; 4.8000E+001; 7.5960E-001; 4.8000E+001; 8.9425E-001;
 4.9000E+001; 8.9532E-001; 4.9000E+001; 8.9928E-001; 4.9000E+001; 8.4129E-001; 4.9000E+001; 7.9349E-001; 4.9000E+001; 7.7108E-001; 4.9000E+001; 7.5965E-001; 4.9000E+001; 8.9425E-001;
 5.0000E+001; 8.9538E-001; 5.0000E+001; 8.9943E-001; 5.0000E+001; 8.4434E-001; 5.0000E+001; 7.9424E-001; 5.0000E+001; 7.7127E-001; 5.0000E+001; 7.5970E-001; 5.0000E+001; 8.9425E-001;
 5.1000E+001; 8.9544E-001; 5.1000E+001; 8.9957E-001; 5.1000E+001; 8.4759E-001; 5.1000E+001; 7.9505E-001; 5.1000E+001; 7.7147E-001; 5.1000E+001; 7.5976E-001; 5.1000E+001; 8.9425E-001;
 5.2000E+001; 8.9550E-001; 5.2000E+001; 8.9970E-001; 5.2000E+001; 8.5101E-001; 5.2000E+001; 7.9592E-001; 5.2000E+001; 7.7169E-001; 5.2000E+001; 7.5982E-001; 5.2000E+001; 8.9425E-001;
 5.3000E+001; 8.9556E-001; 5.3000E+001; 8.9982E-001; 5.3000E+001; 8.5457E-001; 5.3000E+001; 7.9687E-001; 5.3000E+001; 7.7193E-001; 5.3000E+001; 7.5989E-001; 5.3000E+001; 8.9425E-001;
 5.4000E+001; 8.9562E-001; 5.4000E+001; 8.9993E-001; 5.4000E+001; 8.5823E-001; 5.4000E+001; 7.9789E-001; 5.4000E+001; 7.7220E-001; 5.4000E+001; 7.5996E-001; 5.4000E+001; 8.9425E-001;
 5.5000E+001; 8.9568E-001; 5.5000E+001; 9.0004E-001; 5.5000E+001; 8.6195E-001; 5.5000E+001; 7.9899E-001; 5.5000E+001; 7.7249E-001; 5.5000E+001; 7.6004E-001; 5.5000E+001; 8.9425E-001;
 5.6000E+001; 8.9575E-001; 5.6000E+001; 9.0014E-001; 5.6000E+001; 8.6565E-001; 5.6000E+001; 8.0016E-001; 5.6000E+001; 7.7280E-001; 5.6000E+001; 7.6013E-001; 5.6000E+001; 8.9425E-001;
 5.7000E+001; 8.9582E-001; 5.7000E+001; 9.0024E-001; 5.7000E+001; 8.6929E-001; 5.7000E+001; 8.0142E-001; 5.7000E+001; 7.7314E-001; 5.7000E+001; 7.6023E-001; 5.7000E+001; 8.9425E-001;
 5.8000E+001; 8.9589E-001; 5.8000E+001; 9.0034E-001; 5.8000E+001; 8.7280E-001; 5.8000E+001; 8.0275E-001; 5.8000E+001; 7.7351E-001; 5.8000E+001; 7.6034E-001; 5.8000E+001; 8.9425E-001;
 5.9000E+001; 8.9596E-001; 5.9000E+001; 9.0043E-001; 5.9000E+001; 8.7613E-001; 5.9000E+001; 8.0417E-001; 5.9000E+001; 7.7391E-001; 5.9000E+001; 7.6045E-001; 5.9000E+001; 8.9425E-001;
 6.0000E+001; 8.9603E-001; 6.0000E+001; 9.0052E-001; 6.0000E+001; 8.7923E-001; 6.0000E+001; 8.0568E-001; 6.0000E+001; 7.7434E-001; 6.0000E+001; 7.6057E-001; 6.0000E+001; 8.9425E-001;
 6.1000E+001; 8.9610E-001; 6.1000E+001; 9.0061E-001; 6.1000E+001; 8.8207E-001; 6.1000E+001; 8.0727E-001; 6.1000E+001; 7.7481E-001; 6.1000E+001; 7.6071E-001; 6.1000E+001; 8.9425E-001;
 6.2000E+001; 8.9618E-001; 6.2000E+001; 9.0069E-001; 6.2000E+001; 8.8463E-001; 6.2000E+001; 8.0894E-001; 6.2000E+001; 7.7531E-001; 6.2000E+001; 7.6086E-001; 6.2000E+001; 8.9425E-001;
 6.3000E+001; 8.9626E-001; 6.3000E+001; 9.0078E-001; 6.3000E+001; 8.8689E-001; 6.3000E+001; 8.1071E-001; 6.3000E+001; 7.7585E-001; 6.3000E+001; 7.6101E-001; 6.3000E+001; 8.9425E-001;
 6.4000E+001; 8.9634E-001; 6.4000E+001; 9.0086E-001; 6.4000E+001; 8.8887E-001; 6.4000E+001; 8.1257E-001; 6.4000E+001; 7.7643E-001; 6.4000E+001; 7.6118E-001; 6.4000E+001; 8.9425E-001;
 6.5000E+001; 8.9642E-001; 6.5000E+001; 9.0095E-001; 6.5000E+001; 8.9057E-001; 6.5000E+001; 8.1452E-001; 6.5000E+001; 7.7706E-001; 6.5000E+001; 7.6137E-001; 6.5000E+001; 8.9425E-001;
 6.6000E+001; 8.9650E-001; 6.6000E+001; 9.0103E-001; 6.6000E+001; 8.9203E-001; 6.6000E+001; 8.1658E-001; 6.6000E+001; 7.7772E-001; 6.6000E+001; 7.6156E-001; 6.6000E+001; 8.9425E-001;
 6.7000E+001; 8.9658E-001; 6.7000E+001; 9.0111E-001; 6.7000E+001; 8.9326E-001; 6.7000E+001; 8.1873E-001; 6.7000E+001; 7.7844E-001; 6.7000E+001; 7.6177E-001; 6.7000E+001; 8.9425E-001;
 6.8000E+001; 8.9667E-001; 6.8000E+001; 9.0119E-001; 6.8000E+001; 8.9431E-001; 6.8000E+001; 8.2098E-001; 6.8000E+001; 7.7920E-001; 6.8000E+001; 7.6200E-001; 6.8000E+001; 8.9425E-001;
 6.9000E+001; 8.9675E-001; 6.9000E+001; 9.0128E-001; 6.9000E+001; 8.9520E-001; 6.9000E+001; 8.2333E-001; 6.9000E+001; 7.8001E-001; 6.9000E+001; 7.6225E-001; 6.9000E+001; 8.9425E-001;
 7.0000E+001; 8.9684E-001; 7.0000E+001; 9.0136E-001; 7.0000E+001; 8.9597E-001; 7.0000E+001; 8.2579E-001; 7.0000E+001; 7.8088E-001; 7.0000E+001; 7.6251E-001; 7.0000E+001; 8.9425E-001;
 7.1000E+001; 8.9693E-001; 7.1000E+001; 9.0144E-001; 7.1000E+001; 8.9663E-001; 7.1000E+001; 8.2834E-001; 7.1000E+001; 7.8180E-001; 7.1000E+001; 7.6279E-001; 7.1000E+001; 8.9425E-001;
 7.2000E+001; 8.9702E-001; 7.2000E+001; 9.0152E-001; 7.2000E+001; 8.9720E-001; 7.2000E+001; 8.3100E-001; 7.2000E+001; 7.8277E-001; 7.2000E+001; 7.6310E-001; 7.2000E+001; 8.9425E-001;
 7.3000E+001; 8.9712E-001; 7.3000E+001; 9.0160E-001; 7.3000E+001; 8.9770E-001; 7.3000E+001; 8.3376E-001; 7.3000E+001; 7.8380E-001; 7.3000E+001; 7.6342E-001; 7.3000E+001; 8.9425E-001;
 7.4000E+001; 8.9721E-001; 7.4000E+001; 9.0169E-001; 7.4000E+001; 8.9814E-001; 7.4000E+001; 8.3660E-001; 7.4000E+001; 7.8488E-001; 7.4000E+001; 7.6376E-001; 7.4000E+001; 8.9425E-001;
 7.5000E+001; 8.9731E-001; 7.5000E+001; 9.0177E-001; 7.5000E+001; 8.9854E-001; 7.5000E+001; 8.3952E-001; 7.5000E+001; 7.8603E-001; 7.5000E+001; 7.6413E-001; 7.5000E+001; 8.9425E-001;
 7.6000E+001; 8.9740E-001; 7.6000E+001; 9.0185E-001; 7.6000E+001; 8.9890E-001; 7.6000E+001; 8.4251E-001; 7.6000E+001; 7.8723E-001; 7.6000E+001; 7.6453E-001; 7.6000E+001; 8.9425E-001;
 7.7000E+001; 8.9750E-001; 7.7000E+001; 9.0194E-001; 7.7000E+001; 8.9923E-001; 7.7000E+001; 8.4555E-001; 7.7000E+001; 7.8849E-001; 7.7000E+001; 7.6494E-001; 7.7000E+001; 8.9425E-001;
 7.8000E+001; 8.9761E-001; 7.8000E+001; 9.0202E-001; 7.8000E+001; 8.9953E-001; 7.8000E+001; 8.4862E-001; 7.8000E+001; 7.8981E-001; 7.8000E+001; 7.6539E-001; 7.8000E+001; 8.9425E-001;
 7.9000E+001; 8.9771E-001; 7.9000E+001; 9.0211E-001; 7.9000E+001; 8.9981E-001; 7.9000E+001; 8.5171E-001; 7.9000E+001; 7.9119E-001; 7.9000E+001; 7.6586E-001; 7.9000E+001; 8.9425E-001;
 8.0000E+001; 8.9781E-001; 8.0000E+001; 9.0219E-001; 8.0000E+001; 9.0007E-001; 8.0000E+001; 8.5479E-001; 8.0000E+001; 7.9262E-001; 8.0000E+001; 7.6637E-001; 8.0000E+001; 8.9425E-001;
 8.1000E+001; 8.9792E-001; 8.1000E+001; 9.0228E-001; 8.1000E+001; 9.0031E-001; 8.1000E+001; 8.5784E-001; 8.1000E+001; 7.9412E-001; 8.1000E+001; 7.6690E-001; 8.1000E+001; 8.9425E-001;
 8.2000E+001; 8.9802E-001; 8.2000E+001; 9.0237E-001; 8.2000E+001; 9.0054E-001; 8.2000E+001; 8.6083E-001; 8.2000E+001; 7.9568E-001; 8.2000E+001; 7.6747E-001; 8.2000E+001; 8.9425E-001;
 8.3000E+001; 8.9813E-001; 8.3000E+001; 9.0245E-001; 8.3000E+001; 9.0075E-001; 8.3000E+001; 8.6374E-001; 8.3000E+001; 7.9730E-001; 8.3000E+001; 7.6807E-001; 8.3000E+001; 8.9425E-001;
 8.4000E+001; 8.9824E-001; 8.4000E+001; 9.0254E-001; 8.4000E+001; 9.0096E-001; 8.4000E+001; 8.6656E-001; 8.4000E+001; 7.9898E-001; 8.4000E+001; 7.6870E-001; 8.4000E+001; 8.9425E-001;
 8.5000E+001; 8.9835E-001; 8.5000E+001; 9.0263E-001; 8.5000E+001; 9.0116E-001; 8.5000E+001; 8.6926E-001; 8.5000E+001; 8.0071E-001; 8.5000E+001; 7.6937E-001; 8.5000E+001; 8.9425E-001;
 8.6000E+001; 8.9847E-001; 8.6000E+001; 9.0272E-001; 8.6000E+001; 9.0134E-001; 8.6000E+001; 8.7184E-001; 8.6000E+001; 8.0251E-001; 8.6000E+001; 7.7007E-001; 8.6000E+001; 8.9425E-001;
 8.7000E+001; 8.9858E-001; 8.7000E+001; 9.0282E-001; 8.7000E+001; 9.0153E-001; 8.7000E+001; 8.7426E-001; 8.7000E+001; 8.0436E-001; 8.7000E+001; 7.7082E-001; 8.7000E+001; 8.9425E-001;
 8.8000E+001; 8.9870E-001; 8.8000E+001; 9.0291E-001; 8.8000E+001; 9.0170E-001; 8.8000E+001; 8.7654E-001; 8.8000E+001; 8.0627E-001; 8.8000E+001; 7.7160E-001; 8.8000E+001; 8.9425E-001;
 8.9000E+001; 8.9882E-001; 8.9000E+001; 9.0300E-001; 8.9000E+001; 9.0187E-001; 8.9000E+001; 8.7866E-001; 8.9000E+001; 8.0824E-001; 8.9000E+001; 7.7242E-001; 8.9000E+001; 8.9425E-001;
 9.0000E+001; 8.9894E-001; 9.0000E+001; 9.0310E-001; 9.0000E+001; 9.0204E-001; 9.0000E+001; 8.8063E-001; 9.0000E+001; 8.1027E-001; 9.0000E+001; 7.7328E-001; 9.0000E+001; 8.9425E-001;
 9.1000E+001; 8.9906E-001; 9.1000E+001; 9.0319E-001; 9.1000E+001; 9.0220E-001; 9.1000E+001; 8.8245E-001; 9.1000E+001; 8.1235E-001; 9.1000E+001; 7.7419E-001; 9.1000E+001; 8.9425E-001;
 9.2000E+001; 8.9918E-001; 9.2000E+001; 9.0329E-001; 9.2000E+001; 9.0236E-001; 9.2000E+001; 8.8413E-001; 9.2000E+001; 8.1449E-001; 9.2000E+001; 7.7513E-001; 9.2000E+001; 8.9425E-001;
 9.3000E+001; 8.9930E-001; 9.3000E+001; 9.0339E-001; 9.3000E+001; 9.0251E-001; 9.3000E+001; 8.8566E-001; 9.3000E+001; 8.1668E-001; 9.3000E+001; 7.7612E-001; 9.3000E+001; 8.9425E-001;
 9.4000E+001; 8.9943E-001; 9.4000E+001; 9.0349E-001; 9.4000E+001; 9.0266E-001; 9.4000E+001; 8.8707E-001; 9.4000E+001; 8.1893E-001; 9.4000E+001; 7.7715E-001; 9.4000E+001; 8.9425E-001;
 9.5000E+001; 8.9956E-001; 9.5000E+001; 9.0359E-001; 9.5000E+001; 9.0281E-001; 9.5000E+001; 8.8836E-001; 9.5000E+001; 8.2123E-001; 9.5000E+001; 7.7823E-001; 9.5000E+001; 8.9425E-001;
 9.6000E+001; 8.9968E-001; 9.6000E+001; 9.0369E-001; 9.6000E+001; 9.0296E-001; 9.6000E+001; 8.8955E-001; 9.6000E+001; 8.2358E-001; 9.6000E+001; 7.7935E-001; 9.6000E+001; 8.9425E-001;
 9.7000E+001; 8.9981E-001; 9.7000E+001; 9.0379E-001; 9.7000E+001; 9.0311E-001; 9.7000E+001; 8.9063E-001; 9.7000E+001; 8.2597E-001; 9.7000E+001; 7.8051E-001; 9.7000E+001; 8.9425E-001;
 9.8000E+001; 8.9995E-001; 9.8000E+001; 9.0390E-001; 9.8000E+001; 9.0325E-001; 9.8000E+001; 8.9164E-001; 9.8000E+001; 8.2841E-001; 9.8000E+001; 7.8172E-001; 9.8000E+001; 8.9425E-001;
 9.9000E+001; 9.0008E-001; 9.9000E+001; 9.0400E-001; 9.9000E+001; 9.0340E-001; 9.9000E+001; 8.9256E-001; 9.9000E+001; 8.3088E-001; 9.9000E+001; 7.8298E-001; 9.9000E+001; 8.9425E-001;
 1.0000E+002; 9.0021E-001; 1.0000E+002; 9.0411E-001; 1.0000E+002; 9.0354E-001; 1.0000E+002; 8.9342E-001; 1.0000E+002; 8.3339E-001; 1.0000E+002; 7.8428E-001; 1.0000E+002; 8.9425E-001;
 1.0100E+002; 9.0035E-001; 1.0100E+002; 9.0422E-001; 1.0100E+002; 9.0369E-001; 1.0100E+002; 8.9421E-001; 1.0100E+002; 8.3593E-001; 1.0100E+002; 7.8562E-001; 1.0100E+002; 8.9425E-001;
 1.0200E+002; 9.0049E-001; 1.0200E+002; 9.0433E-001; 1.0200E+002; 9.0383E-001; 1.0200E+002; 8.9496E-001; 1.0200E+002; 8.3850E-001; 1.0200E+002; 7.8700E-001; 1.0200E+002; 8.9425E-001;
 1.0300E+002; 9.0063E-001; 1.0300E+002; 9.0444E-001; 1.0300E+002; 9.0397E-001; 1.0300E+002; 8.9565E-001; 1.0300E+002; 8.4108E-001; 1.0300E+002; 7.8843E-001; 1.0300E+002; 8.9425E-001;
 1.0400E+002; 9.0077E-001; 1.0400E+002; 9.0455E-001; 1.0400E+002; 9.0411E-001; 1.0400E+002; 8.9631E-001; 1.0400E+002; 8.4367E-001; 1.0400E+002; 7.8991E-001; 1.0400E+002; 8.9425E-001;
 1.0500E+002; 9.0091E-001; 1.0500E+002; 9.0467E-001; 1.0500E+002; 9.0425E-001; 1.0500E+002; 8.9693E-001; 1.0500E+002; 8.4627E-001; 1.0500E+002; 7.9142E-001; 1.0500E+002; 8.9425E-001;
 1.0600E+002; 9.0105E-001; 1.0600E+002; 9.0478E-001; 1.0600E+002; 9.0440E-001; 1.0600E+002; 8.9751E-001; 1.0600E+002; 8.4886E-001; 1.0600E+002; 7.9298E-001; 1.0600E+002; 8.9425E-001;
 1.0700E+002; 9.0120E-001; 1.0700E+002; 9.0490E-001; 1.0700E+002; 9.0454E-001; 1.0700E+002; 8.9807E-001; 1.0700E+002; 8.5144E-001; 1.0700E+002; 7.9457E-001; 1.0700E+002; 8.9425E-001;
 1.0800E+002; 9.0134E-001; 1.0800E+002; 9.0502E-001; 1.0800E+002; 9.0468E-001; 1.0800E+002; 8.9860E-001; 1.0800E+002; 8.5401E-001; 1.0800E+002; 7.9621E-001; 1.0800E+002; 8.9425E-001;
 1.0900E+002; 9.0149E-001; 1.0900E+002; 9.0514E-001; 1.0900E+002; 9.0483E-001; 1.0900E+002; 8.9910E-001; 1.0900E+002; 8.5656E-001; 1.0900E+002; 7.9789E-001; 1.0900E+002; 8.9425E-001;
 1.1000E+002; 9.0164E-001; 1.1000E+002; 9.0526E-001; 1.1000E+002; 9.0498E-001; 1.1000E+002; 8.9959E-001; 1.1000E+002; 8.5908E-001; 1.1000E+002; 7.9960E-001; 1.1000E+002; 8.9425E-001;
 1.1100E+002; 9.0179E-001; 1.1100E+002; 9.0539E-001; 1.1100E+002; 9.0512E-001; 1.1100E+002; 9.0006E-001; 1.1100E+002; 8.6157E-001; 1.1100E+002; 8.0136E-001; 1.1100E+002; 8.9425E-001;
 1.1200E+002; 9.0194E-001; 1.1200E+002; 9.0551E-001; 1.1200E+002; 9.0527E-001; 1.1200E+002; 9.0052E-001; 1.1200E+002; 8.6402E-001; 1.1200E+002; 8.0315E-001; 1.1200E+002; 8.9426E-001;
 1.1300E+002; 9.0210E-001; 1.1300E+002; 9.0564E-001; 1.1300E+002; 9.0542E-001; 1.1300E+002; 9.0097E-001; 1.1300E+002; 8.6643E-001; 1.1300E+002; 8.0497E-001; 1.1300E+002; 8.9426E-001;
 1.1400E+002; 9.0225E-001; 1.1400E+002; 9.0577E-001; 1.1400E+002; 9.0557E-001; 1.1400E+002; 9.0140E-001; 1.1400E+002; 8.6879E-001; 1.1400E+002; 8.0683E-001; 1.1400E+002; 8.9426E-001;
 1.1500E+002; 9.0241E-001; 1.1500E+002; 9.0590E-001; 1.1500E+002; 9.0573E-001; 1.1500E+002; 9.0183E-001; 1.1500E+002; 8.7109E-001; 1.1500E+002; 8.0872E-001; 1.1500E+002; 8.9426E-001;
 1.1600E+002; 9.0257E-001; 1.1600E+002; 9.0603E-001; 1.1600E+002; 9.0588E-001; 1.1600E+002; 9.0226E-001; 1.1600E+002; 8.7334E-001; 1.1600E+002; 8.1065E-001; 1.1600E+002; 8.9426E-001;
 1.1700E+002; 9.0273E-001; 1.1700E+002; 9.0616E-001; 1.1700E+002; 9.0604E-001; 1.1700E+002; 9.0267E-001; 1.1700E+002; 8.7552E-001; 1.1700E+002; 8.1261E-001; 1.1700E+002; 8.9426E-001;
 1.1800E+002; 9.0289E-001; 1.1800E+002; 9.0630E-001; 1.1800E+002; 9.0620E-001; 1.1800E+002; 9.0309E-001; 1.1800E+002; 8.7765E-001; 1.1800E+002; 8.1460E-001; 1.1800E+002; 8.9426E-001;
 1.1900E+002; 9.0305E-001; 1.1900E+002; 9.0644E-001; 1.1900E+002; 9.0636E-001; 1.1900E+002; 9.0350E-001; 1.1900E+002; 8.7974E-001; 1.1900E+002; 8.1662E-001; 1.1900E+002; 8.9426E-001;
 1.2000E+002; 9.0322E-001; 1.2000E+002; 9.0658E-001; 1.2000E+002; 9.0652E-001; 1.2000E+002; 9.0391E-001; 1.2000E+002; 8.8177E-001; 1.2000E+002; 8.1866E-001; 1.2000E+002; 8.9426E-001;
 1.2100E+002; 9.0338E-001; 1.2100E+002; 9.0672E-001; 1.2100E+002; 9.0669E-001; 1.2100E+002; 9.0432E-001; 1.2100E+002; 8.8376E-001; 1.2100E+002; 8.2072E-001; 1.2100E+002; 8.9426E-001;
 1.2200E+002; 9.0355E-001; 1.2200E+002; 9.0686E-001; 1.2200E+002; 9.0686E-001; 1.2200E+002; 9.0473E-001; 1.2200E+002; 8.8571E-001; 1.2200E+002; 8.2279E-001; 1.2200E+002; 8.9426E-001;
 1.2300E+002; 9.0372E-001; 1.2300E+002; 9.0701E-001; 1.2300E+002; 9.0703E-001; 1.2300E+002; 9.0514E-001; 1.2300E+002; 8.8762E-001; 1.2300E+002; 8.2488E-001; 1.2300E+002; 8.9426E-001;
 1.2400E+002; 9.0389E-001; 1.2400E+002; 9.0715E-001; 1.2400E+002; 9.0720E-001; 1.2400E+002; 9.0555E-001; 1.2400E+002; 8.8950E-001; 1.2400E+002; 8.2698E-001; 1.2400E+002; 8.9426E-001;
 1.2500E+002; 9.0406E-001; 1.2500E+002; 9.0730E-001; 1.2500E+002; 9.0738E-001; 1.2500E+002; 9.0597E-001; 1.2500E+002; 8.9135E-001; 1.2500E+002; 8.2908E-001; 1.2500E+002; 8.9426E-001;
 1.2600E+002; 9.0423E-001; 1.2600E+002; 9.0745E-001; 1.2600E+002; 9.0756E-001; 1.2600E+002; 9.0640E-001; 1.2600E+002; 8.9317E-001; 1.2600E+002; 8.3119E-001; 1.2600E+002; 8.9426E-001;
 1.2700E+002; 9.0441E-001; 1.2700E+002; 9.0760E-001; 1.2700E+002; 9.0774E-001; 1.2700E+002; 9.0683E-001; 1.2700E+002; 8.9497E-001; 1.2700E+002; 8.3330E-001; 1.2700E+002; 8.9426E-001;
 1.2800E+002; 9.0458E-001; 1.2800E+002; 9.0776E-001; 1.2800E+002; 9.0793E-001; 1.2800E+002; 9.0726E-001; 1.2800E+002; 8.9674E-001; 1.2800E+002; 8.3541E-001; 1.2800E+002; 8.9426E-001;
 1.2900E+002; 9.0476E-001; 1.2900E+002; 9.0791E-001; 1.2900E+002; 9.0812E-001; 1.2900E+002; 9.0771E-001; 1.2900E+002; 8.9849E-001; 1.2900E+002; 8.3752E-001; 1.2900E+002; 8.9426E-001;
 1.3000E+002; 9.0494E-001; 1.3000E+002; 9.0807E-001; 1.3000E+002; 9.0832E-001; 1.3000E+002; 9.0816E-001; 1.3000E+002; 9.0023E-001; 1.3000E+002; 8.3962E-001; 1.3000E+002; 8.9426E-001;
 1.3100E+002; 9.0512E-001; 1.3100E+002; 9.0823E-001; 1.3100E+002; 9.0852E-001; 1.3100E+002; 9.0861E-001; 1.3100E+002; 9.0194E-001; 1.3100E+002; 8.4171E-001; 1.3100E+002; 8.9426E-001;
 1.3200E+002; 9.0530E-001; 1.3200E+002; 9.0839E-001; 1.3200E+002; 9.0872E-001; 1.3200E+002; 9.0908E-001; 1.3200E+002; 9.0363E-001; 1.3200E+002; 8.4379E-001; 1.3200E+002; 8.9426E-001;
 1.3300E+002; 9.0548E-001; 1.3300E+002; 9.0855E-001; 1.3300E+002; 9.0892E-001; 1.3300E+002; 9.0955E-001; 1.3300E+002; 9.0530E-001; 1.3300E+002; 8.4586E-001; 1.3300E+002; 8.9427E-001;
 1.3400E+002; 9.0566E-001; 1.3400E+002; 9.0872E-001; 1.3400E+002; 9.0913E-001; 1.3400E+002; 9.1002E-001; 1.3400E+002; 9.0694E-001; 1.3400E+002; 8.4791E-001; 1.3400E+002; 8.9427E-001;
 1.3500E+002; 9.0585E-001; 1.3500E+002; 9.0888E-001; 1.3500E+002; 9.0934E-001; 1.3500E+002; 9.1050E-001; 1.3500E+002; 9.0857E-001; 1.3500E+002; 8.4994E-001; 1.3500E+002; 8.9427E-001;
 1.3600E+002; 9.0603E-001; 1.3600E+002; 9.0905E-001; 1.3600E+002; 9.0955E-001; 1.3600E+002; 9.1098E-001; 1.3600E+002; 9.1017E-001; 1.3600E+002; 8.5196E-001; 1.3600E+002; 8.9427E-001;
 1.3700E+002; 9.0622E-001; 1.3700E+002; 9.0921E-001; 1.3700E+002; 9.0976E-001; 1.3700E+002; 9.1146E-001; 1.3700E+002; 9.1174E-001; 1.3700E+002; 8.5396E-001; 1.3700E+002; 8.9427E-001;
 1.3800E+002; 9.0640E-001; 1.3800E+002; 9.0938E-001; 1.3800E+002; 9.0997E-001; 1.3800E+002; 9.1195E-001; 1.3800E+002; 9.1329E-001; 1.3800E+002; 8.5594E-001; 1.3800E+002; 8.9427E-001;
 1.3900E+002; 9.0659E-001; 1.3900E+002; 9.0954E-001; 1.3900E+002; 9.1018E-001; 1.3900E+002; 9.1243E-001; 1.3900E+002; 9.1482E-001; 1.3900E+002; 8.5790E-001; 1.3900E+002; 8.9427E-001;
 1.4000E+002; 9.0678E-001; 1.4000E+002; 9.0971E-001; 1.4000E+002; 9.1039E-001; 1.4000E+002; 9.1292E-001; 1.4000E+002; 9.1633E-001; 1.4000E+002; 8.5985E-001; 1.4000E+002; 8.9427E-001;
 1.4100E+002; 9.0696E-001; 1.4100E+002; 9.0987E-001; 1.4100E+002; 9.1060E-001; 1.4100E+002; 9.1341E-001; 1.4100E+002; 9.1781E-001; 1.4100E+002; 8.6177E-001; 1.4100E+002; 8.9427E-001;
 1.4200E+002; 9.0715E-001; 1.4200E+002; 9.1004E-001; 1.4200E+002; 9.1082E-001; 1.4200E+002; 9.1389E-001; 1.4200E+002; 9.1927E-001; 1.4200E+002; 8.6367E-001; 1.4200E+002; 8.9427E-001;
 1.4300E+002; 9.0734E-001; 1.4300E+002; 9.1021E-001; 1.4300E+002; 9.1103E-001; 1.4300E+002; 9.1437E-001; 1.4300E+002; 9.2070E-001; 1.4300E+002; 8.6556E-001; 1.4300E+002; 8.9427E-001;
 1.4400E+002; 9.0753E-001; 1.4400E+002; 9.1038E-001; 1.4400E+002; 9.1124E-001; 1.4400E+002; 9.1485E-001; 1.4400E+002; 9.2212E-001; 1.4400E+002; 8.6743E-001; 1.4400E+002; 8.9427E-001;
 1.4500E+002; 9.0772E-001; 1.4500E+002; 9.1055E-001; 1.4500E+002; 9.1146E-001; 1.4500E+002; 9.1533E-001; 1.4500E+002; 9.2350E-001; 1.4500E+002; 8.6927E-001; 1.4500E+002; 8.9427E-001;
 1.4600E+002; 9.0791E-001; 1.4600E+002; 9.1072E-001; 1.4600E+002; 9.1167E-001; 1.4600E+002; 9.1580E-001; 1.4600E+002; 9.2487E-001; 1.4600E+002; 8.7110E-001; 1.4600E+002; 8.9428E-001;
 1.4700E+002; 9.0810E-001; 1.4700E+002; 9.1089E-001; 1.4700E+002; 9.1188E-001; 1.4700E+002; 9.1627E-001; 1.4700E+002; 9.2621E-001; 1.4700E+002; 8.7291E-001; 1.4700E+002; 8.9428E-001;
 1.4800E+002; 9.0829E-001; 1.4800E+002; 9.1106E-001; 1.4800E+002; 9.1210E-001; 1.4800E+002; 9.1674E-001; 1.4800E+002; 9.2753E-001; 1.4800E+002; 8.7470E-001; 1.4800E+002; 8.9428E-001;
 1.4900E+002; 9.0848E-001; 1.4900E+002; 9.1123E-001; 1.4900E+002; 9.1231E-001; 1.4900E+002; 9.1720E-001; 1.4900E+002; 9.2883E-001; 1.4900E+002; 8.7647E-001; 1.4900E+002; 8.9428E-001;
 1.5000E+002; 9.0868E-001; 1.5000E+002; 9.1140E-001; 1.5000E+002; 9.1252E-001; 1.5000E+002; 9.1766E-001; 1.5000E+002; 9.3010E-001; 1.5000E+002; 8.7823E-001; 1.5000E+002; 8.9428E-001;
 1.5100E+002; 9.0887E-001; 1.5100E+002; 9.1157E-001; 1.5100E+002; 9.1274E-001; 1.5100E+002; 9.1811E-001; 1.5100E+002; 9.3135E-001; 1.5100E+002; 8.7996E-001; 1.5100E+002; 8.9428E-001;
 1.5200E+002; 9.0906E-001; 1.5200E+002; 9.1174E-001; 1.5200E+002; 9.1295E-001; 1.5200E+002; 9.1856E-001; 1.5200E+002; 9.3258E-001; 1.5200E+002; 8.8168E-001; 1.5200E+002; 8.9428E-001;
 1.5300E+002; 9.0926E-001; 1.5300E+002; 9.1191E-001; 1.5300E+002; 9.1316E-001; 1.5300E+002; 9.1900E-001; 1.5300E+002; 9.3378E-001; 1.5300E+002; 8.8337E-001; 1.5300E+002; 8.9428E-001;
 1.5400E+002; 9.0945E-001; 1.5400E+002; 9.1209E-001; 1.5400E+002; 9.1337E-001; 1.5400E+002; 9.1944E-001; 1.5400E+002; 9.3496E-001; 1.5400E+002; 8.8505E-001; 1.5400E+002; 8.9428E-001;
 1.5500E+002; 9.0964E-001; 1.5500E+002; 9.1226E-001; 1.5500E+002; 9.1359E-001; 1.5500E+002; 9.1987E-001; 1.5500E+002; 9.3612E-001; 1.5500E+002; 8.8671E-001; 1.5500E+002; 8.9429E-001;
 1.5600E+002; 9.0984E-001; 1.5600E+002; 9.1243E-001; 1.5600E+002; 9.1380E-001; 1.5600E+002; 9.2029E-001; 1.5600E+002; 9.3725E-001; 1.5600E+002; 8.8836E-001; 1.5600E+002; 8.9429E-001;
 1.5700E+002; 9.1003E-001; 1.5700E+002; 9.1261E-001; 1.5700E+002; 9.1401E-001; 1.5700E+002; 9.2071E-001; 1.5700E+002; 9.3836E-001; 1.5700E+002; 8.8998E-001; 1.5700E+002; 8.9429E-001;
 1.5800E+002; 9.1023E-001; 1.5800E+002; 9.1278E-001; 1.5800E+002; 9.1422E-001; 1.5800E+002; 9.2113E-001; 1.5800E+002; 9.3944E-001; 1.5800E+002; 8.9159E-001; 1.5800E+002; 8.9429E-001;
 1.5900E+002; 9.1042E-001; 1.5900E+002; 9.1296E-001; 1.5900E+002; 9.1443E-001; 1.5900E+002; 9.2154E-001; 1.5900E+002; 9.4050E-001; 1.5900E+002; 8.9318E-001; 1.5900E+002; 8.9429E-001;
 1.6000E+002; 9.1062E-001; 1.6000E+002; 9.1313E-001; 1.6000E+002; 9.1464E-001; 1.6000E+002; 9.2194E-001; 1.6000E+002; 9.4154E-001; 1.6000E+002; 8.9476E-001; 1.6000E+002; 8.9429E-001;
 1.6100E+002; 9.1082E-001; 1.6100E+002; 9.1331E-001; 1.6100E+002; 9.1485E-001; 1.6100E+002; 9.2234E-001; 1.6100E+002; 9.4255E-001; 1.6100E+002; 8.9632E-001; 1.6100E+002; 8.9429E-001;
 1.6200E+002; 9.1101E-001; 1.6200E+002; 9.1348E-001; 1.6200E+002; 9.1506E-001; 1.6200E+002; 9.2273E-001; 1.6200E+002; 9.4353E-001; 1.6200E+002; 8.9786E-001; 1.6200E+002; 8.9429E-001;
 1.6300E+002; 9.1121E-001; 1.6300E+002; 9.1366E-001; 1.6300E+002; 9.1527E-001; 1.6300E+002; 9.2312E-001; 1.6300E+002; 9.4450E-001; 1.6300E+002; 8.9938E-001; 1.6300E+002; 8.9430E-001;
 1.6400E+002; 9.1141E-001; 1.6400E+002; 9.1384E-001; 1.6400E+002; 9.1548E-001; 1.6400E+002; 9.2350E-001; 1.6400E+002; 9.4543E-001; 1.6400E+002; 9.0089E-001; 1.6400E+002; 8.9430E-001;
 1.6500E+002; 9.1160E-001; 1.6500E+002; 9.1401E-001; 1.6500E+002; 9.1569E-001; 1.6500E+002; 9.2387E-001; 1.6500E+002; 9.4634E-001; 1.6500E+002; 9.0238E-001; 1.6500E+002; 8.9430E-001;
 1.6600E+002; 9.1180E-001; 1.6600E+002; 9.1419E-001; 1.6600E+002; 9.1590E-001; 1.6600E+002; 9.2425E-001; 1.6600E+002; 9.4723E-001; 1.6600E+002; 9.0386E-001; 1.6600E+002; 8.9430E-001;
 1.6700E+002; 9.1200E-001; 1.6700E+002; 9.1437E-001; 1.6700E+002; 9.1610E-001; 1.6700E+002; 9.2461E-001; 1.6700E+002; 9.4810E-001; 1.6700E+002; 9.0533E-001; 1.6700E+002; 8.9430E-001;
 1.6800E+002; 9.1220E-001; 1.6800E+002; 9.1455E-001; 1.6800E+002; 9.1631E-001; 1.6800E+002; 9.2497E-001; 1.6800E+002; 9.4894E-001; 1.6800E+002; 9.0678E-001; 1.6800E+002; 8.9430E-001;
 1.6900E+002; 9.1239E-001; 1.6900E+002; 9.1472E-001; 1.6900E+002; 9.1652E-001; 1.6900E+002; 9.2533E-001; 1.6900E+002; 9.4975E-001; 1.6900E+002; 9.0821E-001; 1.6900E+002; 8.9431E-001;
 1.7000E+002; 9.1259E-001; 1.7000E+002; 9.1490E-001; 1.7000E+002; 9.1672E-001; 1.7000E+002; 9.2568E-001; 1.7000E+002; 9.5055E-001; 1.7000E+002; 9.0963E-001; 1.7000E+002; 8.9431E-001;
 1.7100E+002; 9.1279E-001; 1.7100E+002; 9.1508E-001; 1.7100E+002; 9.1693E-001; 1.7100E+002; 9.2603E-001; 1.7100E+002; 9.5132E-001; 1.7100E+002; 9.1104E-001; 1.7100E+002; 8.9431E-001;
 1.7200E+002; 9.1299E-001; 1.7200E+002; 9.1526E-001; 1.7200E+002; 9.1714E-001; 1.7200E+002; 9.2637E-001; 1.7200E+002; 9.5206E-001; 1.7200E+002; 9.1243E-001; 1.7200E+002; 8.9431E-001;
 1.7300E+002; 9.1319E-001; 1.7300E+002; 9.1544E-001; 1.7300E+002; 9.1734E-001; 1.7300E+002; 9.2670E-001; 1.7300E+002; 9.5279E-001; 1.7300E+002; 9.1381E-001; 1.7300E+002; 8.9431E-001;
 1.7400E+002; 9.1339E-001; 1.7400E+002; 9.1561E-001; 1.7400E+002; 9.1755E-001; 1.7400E+002; 9.2704E-001; 1.7400E+002; 9.5349E-001; 1.7400E+002; 9.1517E-001; 1.7400E+002; 8.9431E-001;
 1.7500E+002; 9.1358E-001; 1.7500E+002; 9.1579E-001; 1.7500E+002; 9.1775E-001; 1.7500E+002; 9.2736E-001; 1.7500E+002; 9.5417E-001; 1.7500E+002; 9.1652E-001; 1.7500E+002; 8.9432E-001;
 1.7600E+002; 9.1378E-001; 1.7600E+002; 9.1597E-001; 1.7600E+002; 9.1795E-001; 1.7600E+002; 9.2769E-001; 1.7600E+002; 9.5484E-001; 1.7600E+002; 9.1786E-001; 1.7600E+002; 8.9432E-001;
 1.7700E+002; 9.1398E-001; 1.7700E+002; 9.1615E-001; 1.7700E+002; 9.1816E-001; 1.7700E+002; 9.2801E-001; 1.7700E+002; 9.5548E-001; 1.7700E+002; 9.1918E-001; 1.7700E+002; 8.9432E-001;
 1.7800E+002; 9.1418E-001; 1.7800E+002; 9.1633E-001; 1.7800E+002; 9.1836E-001; 1.7800E+002; 9.2832E-001; 1.7800E+002; 9.5610E-001; 1.7800E+002; 9.2049E-001; 1.7800E+002; 8.9432E-001;
 1.7900E+002; 9.1438E-001; 1.7900E+002; 9.1651E-001; 1.7900E+002; 9.1856E-001; 1.7900E+002; 9.2864E-001; 1.7900E+002; 9.5670E-001; 1.7900E+002; 9.2179E-001; 1.7900E+002; 8.9432E-001;
 1.8000E+002; 9.1458E-001; 1.8000E+002; 9.1669E-001; 1.8000E+002; 9.1876E-001; 1.8000E+002; 9.2894E-001; 1.8000E+002; 9.5728E-001; 1.8000E+002; 9.2308E-001; 1.8000E+002; 8.9433E-001;
 1.8100E+002; 9.1478E-001; 1.8100E+002; 9.1687E-001; 1.8100E+002; 9.1897E-001; 1.8100E+002; 9.2925E-001; 1.8100E+002; 9.5784E-001; 1.8100E+002; 9.2435E-001; 1.8100E+002; 8.9433E-001;
 1.8200E+002; 9.1498E-001; 1.8200E+002; 9.1705E-001; 1.8200E+002; 9.1917E-001; 1.8200E+002; 9.2955E-001; 1.8200E+002; 9.5839E-001; 1.8200E+002; 9.2560E-001; 1.8200E+002; 8.9433E-001;
 1.8300E+002; 9.1518E-001; 1.8300E+002; 9.1723E-001; 1.8300E+002; 9.1937E-001; 1.8300E+002; 9.2984E-001; 1.8300E+002; 9.5892E-001; 1.8300E+002; 9.2684E-001; 1.8300E+002; 8.9433E-001;
 1.8400E+002; 9.1538E-001; 1.8400E+002; 9.1741E-001; 1.8400E+002; 9.1957E-001; 1.8400E+002; 9.3013E-001; 1.8400E+002; 9.5943E-001; 1.8400E+002; 9.2807E-001; 1.8400E+002; 8.9434E-001;
 1.8500E+002; 9.1558E-001; 1.8500E+002; 9.1759E-001; 1.8500E+002; 9.1977E-001; 1.8500E+002; 9.3042E-001; 1.8500E+002; 9.5993E-001; 1.8500E+002; 9.2929E-001; 1.8500E+002; 8.9434E-001;
 1.8600E+002; 9.1578E-001; 1.8600E+002; 9.1777E-001; 1.8600E+002; 9.1997E-001; 1.8600E+002; 9.3071E-001; 1.8600E+002; 9.6041E-001; 1.8600E+002; 9.3049E-001; 1.8600E+002; 8.9434E-001;
 1.8700E+002; 9.1598E-001; 1.8700E+002; 9.1795E-001; 1.8700E+002; 9.2017E-001; 1.8700E+002; 9.3099E-001; 1.8700E+002; 9.6087E-001; 1.8700E+002; 9.3167E-001; 1.8700E+002; 8.9434E-001;
 1.8800E+002; 9.1618E-001; 1.8800E+002; 9.1813E-001; 1.8800E+002; 9.2036E-001; 1.8800E+002; 9.3127E-001; 1.8800E+002; 9.6132E-001; 1.8800E+002; 9.3284E-001; 1.8800E+002; 8.9435E-001;
 1.8900E+002; 9.1638E-001; 1.8900E+002; 9.1831E-001; 1.8900E+002; 9.2056E-001; 1.8900E+002; 9.3154E-001; 1.8900E+002; 9.6176E-001; 1.8900E+002; 9.3399E-001; 1.8900E+002; 8.9435E-001;
 1.9000E+002; 9.1658E-001; 1.9000E+002; 9.1849E-001; 1.9000E+002; 9.2076E-001; 1.9000E+002; 9.3182E-001; 1.9000E+002; 9.6218E-001; 1.9000E+002; 9.3513E-001; 1.9000E+002; 8.9435E-001;
 1.9100E+002; 9.1678E-001; 1.9100E+002; 9.1867E-001; 1.9100E+002; 9.2096E-001; 1.9100E+002; 9.3208E-001; 1.9100E+002; 9.6259E-001; 1.9100E+002; 9.3625E-001; 1.9100E+002; 8.9435E-001;
 1.9200E+002; 9.1698E-001; 1.9200E+002; 9.1885E-001; 1.9200E+002; 9.2115E-001; 1.9200E+002; 9.3235E-001; 1.9200E+002; 9.6299E-001; 1.9200E+002; 9.3735E-001; 1.9200E+002; 8.9436E-001;
 1.9300E+002; 9.1718E-001; 1.9300E+002; 9.1903E-001; 1.9300E+002; 9.2135E-001; 1.9300E+002; 9.3261E-001; 1.9300E+002; 9.6337E-001; 1.9300E+002; 9.3844E-001; 1.9300E+002; 8.9436E-001;
 1.9400E+002; 9.1738E-001; 1.9400E+002; 9.1921E-001; 1.9400E+002; 9.2155E-001; 1.9400E+002; 9.3287E-001; 1.9400E+002; 9.6375E-001; 1.9400E+002; 9.3951E-001; 1.9400E+002; 8.9436E-001;
 1.9500E+002; 9.1758E-001; 1.9500E+002; 9.1939E-001; 1.9500E+002; 9.2174E-001; 1.9500E+002; 9.3313E-001; 1.9500E+002; 9.6411E-001; 1.9500E+002; 9.4056E-001; 1.9500E+002; 8.9436E-001;
 1.9600E+002; 9.1778E-001; 1.9600E+002; 9.1957E-001; 1.9600E+002; 9.2194E-001; 1.9600E+002; 9.3339E-001; 1.9600E+002; 9.6446E-001; 1.9600E+002; 9.4159E-001; 1.9600E+002; 8.9437E-001;
 1.9700E+002; 9.1798E-001; 1.9700E+002; 9.1975E-001; 1.9700E+002; 9.2213E-001; 1.9700E+002; 9.3364E-001; 1.9700E+002; 9.6480E-001; 1.9700E+002; 9.4260E-001; 1.9700E+002; 8.9437E-001;
 1.9800E+002; 9.1818E-001; 1.9800E+002; 9.1993E-001; 1.9800E+002; 9.2233E-001; 1.9800E+002; 9.3389E-001; 1.9800E+002; 9.6513E-001; 1.9800E+002; 9.4359E-001; 1.9800E+002; 8.9437E-001;
 1.9900E+002; 9.1838E-001; 1.9900E+002; 9.2011E-001; 1.9900E+002; 9.2252E-001; 1.9900E+002; 9.3413E-001; 1.9900E+002; 9.6545E-001; 1.9900E+002; 9.4456E-001; 1.9900E+002; 8.9438E-001;
 2.0000E+002; 9.1858E-001; 2.0000E+002; 9.2029E-001; 2.0000E+002; 9.2271E-001; 2.0000E+002; 9.3438E-001; 2.0000E+002; 9.6576E-001; 2.0000E+002; 9.4552E-001; 2.0000E+002; 8.9438E-001;
 2.0100E+002; 9.1878E-001; 2.0100E+002; 9.2047E-001; 2.0100E+002; 9.2290E-001; 2.0100E+002; 9.3462E-001; 2.0100E+002; 9.6607E-001; 2.0100E+002; 9.4645E-001; 2.0100E+002; 8.9438E-001;
 2.0200E+002; 9.1898E-001; 2.0200E+002; 9.2065E-001; 2.0200E+002; 9.2310E-001; 2.0200E+002; 9.3486E-001; 2.0200E+002; 9.6636E-001; 2.0200E+002; 9.4736E-001; 2.0200E+002; 8.9439E-001;
 2.0300E+002; 9.1918E-001; 2.0300E+002; 9.2083E-001; 2.0300E+002; 9.2329E-001; 2.0300E+002; 9.3510E-001; 2.0300E+002; 9.6665E-001; 2.0300E+002; 9.4825E-001; 2.0300E+002; 8.9439E-001;
 2.0400E+002; 9.1938E-001; 2.0400E+002; 9.2101E-001; 2.0400E+002; 9.2348E-001; 2.0400E+002; 9.3533E-001; 2.0400E+002; 9.6693E-001; 2.0400E+002; 9.4912E-001; 2.0400E+002; 8.9439E-001;
 2.0500E+002; 9.1958E-001; 2.0500E+002; 9.2119E-001; 2.0500E+002; 9.2367E-001; 2.0500E+002; 9.3556E-001; 2.0500E+002; 9.6720E-001; 2.0500E+002; 9.4997E-001; 2.0500E+002; 8.9440E-001;
 2.0600E+002; 9.1978E-001; 2.0600E+002; 9.2137E-001; 2.0600E+002; 9.2386E-001; 2.0600E+002; 9.3579E-001; 2.0600E+002; 9.6746E-001; 2.0600E+002; 9.5080E-001; 2.0600E+002; 8.9440E-001;
 2.0700E+002; 9.1998E-001; 2.0700E+002; 9.2156E-001; 2.0700E+002; 9.2405E-001; 2.0700E+002; 9.3602E-001; 2.0700E+002; 9.6772E-001; 2.0700E+002; 9.5161E-001; 2.0700E+002; 8.9440E-001;
 2.0800E+002; 9.2018E-001; 2.0800E+002; 9.2174E-001; 2.0800E+002; 9.2424E-001; 2.0800E+002; 9.3624E-001; 2.0800E+002; 9.6797E-001; 2.0800E+002; 9.5240E-001; 2.0800E+002; 8.9441E-001;
 2.0900E+002; 9.2038E-001; 2.0900E+002; 9.2192E-001; 2.0900E+002; 9.2443E-001; 2.0900E+002; 9.3647E-001; 2.0900E+002; 9.6821E-001; 2.0900E+002; 9.5317E-001; 2.0900E+002; 8.9441E-001;
 2.1000E+002; 9.2058E-001; 2.1000E+002; 9.2210E-001; 2.1000E+002; 9.2462E-001; 2.1000E+002; 9.3669E-001; 2.1000E+002; 9.6845E-001; 2.1000E+002; 9.5391E-001; 2.1000E+002; 8.9441E-001;
 2.1100E+002; 9.2078E-001; 2.1100E+002; 9.2228E-001; 2.1100E+002; 9.2481E-001; 2.1100E+002; 9.3691E-001; 2.1100E+002; 9.6868E-001; 2.1100E+002; 9.5464E-001; 2.1100E+002; 8.9442E-001;
 2.1200E+002; 9.2097E-001; 2.1200E+002; 9.2246E-001; 2.1200E+002; 9.2500E-001; 2.1200E+002; 9.3713E-001; 2.1200E+002; 9.6890E-001; 2.1200E+002; 9.5535E-001; 2.1200E+002; 8.9442E-001;
 2.1300E+002; 9.2117E-001; 2.1300E+002; 9.2264E-001; 2.1300E+002; 9.2519E-001; 2.1300E+002; 9.3734E-001; 2.1300E+002; 9.6912E-001; 2.1300E+002; 9.5603E-001; 2.1300E+002; 8.9443E-001;
 2.1400E+002; 9.2137E-001; 2.1400E+002; 9.2282E-001; 2.1400E+002; 9.2537E-001; 2.1400E+002; 9.3756E-001; 2.1400E+002; 9.6934E-001; 2.1400E+002; 9.5670E-001; 2.1400E+002; 8.9443E-001;
 2.1500E+002; 9.2157E-001; 2.1500E+002; 9.2300E-001; 2.1500E+002; 9.2556E-001; 2.1500E+002; 9.3777E-001; 2.1500E+002; 9.6955E-001; 2.1500E+002; 9.5735E-001; 2.1500E+002; 8.9443E-001;
 2.1600E+002; 9.2177E-001; 2.1600E+002; 9.2318E-001; 2.1600E+002; 9.2575E-001; 2.1600E+002; 9.3798E-001; 2.1600E+002; 9.6975E-001; 2.1600E+002; 9.5797E-001; 2.1600E+002; 8.9444E-001;
 2.1700E+002; 9.2197E-001; 2.1700E+002; 9.2336E-001; 2.1700E+002; 9.2593E-001; 2.1700E+002; 9.3818E-001; 2.1700E+002; 9.6995E-001; 2.1700E+002; 9.5858E-001; 2.1700E+002; 8.9444E-001;
 2.1800E+002; 9.2217E-001; 2.1800E+002; 9.2354E-001; 2.1800E+002; 9.2612E-001; 2.1800E+002; 9.3839E-001; 2.1800E+002; 9.7015E-001; 2.1800E+002; 9.5918E-001; 2.1800E+002; 8.9445E-001;
 2.1900E+002; 9.2237E-001; 2.1900E+002; 9.2372E-001; 2.1900E+002; 9.2630E-001; 2.1900E+002; 9.3860E-001; 2.1900E+002; 9.7034E-001; 2.1900E+002; 9.5975E-001; 2.1900E+002; 8.9445E-001;
 2.2000E+002; 9.2256E-001; 2.2000E+002; 9.2390E-001; 2.2000E+002; 9.2649E-001; 2.2000E+002; 9.3880E-001; 2.2000E+002; 9.7052E-001; 2.2000E+002; 9.6031E-001; 2.2000E+002; 8.9445E-001;
 2.2100E+002; 9.2276E-001; 2.2100E+002; 9.2408E-001; 2.2100E+002; 9.2667E-001; 2.2100E+002; 9.3900E-001; 2.2100E+002; 9.7070E-001; 2.2100E+002; 9.6085E-001; 2.2100E+002; 8.9446E-001;
 2.2200E+002; 9.2296E-001; 2.2200E+002; 9.2426E-001; 2.2200E+002; 9.2685E-001; 2.2200E+002; 9.3920E-001; 2.2200E+002; 9.7088E-001; 2.2200E+002; 9.6137E-001; 2.2200E+002; 8.9446E-001;
 2.2300E+002; 9.2316E-001; 2.2300E+002; 9.2443E-001; 2.2300E+002; 9.2704E-001; 2.2300E+002; 9.3940E-001; 2.2300E+002; 9.7106E-001; 2.2300E+002; 9.6188E-001; 2.2300E+002; 8.9447E-001;
 2.2400E+002; 9.2336E-001; 2.2400E+002; 9.2461E-001; 2.2400E+002; 9.2722E-001; 2.2400E+002; 9.3959E-001; 2.2400E+002; 9.7123E-001; 2.2400E+002; 9.6237E-001; 2.2400E+002; 8.9447E-001;
 2.2500E+002; 9.2355E-001; 2.2500E+002; 9.2479E-001; 2.2500E+002; 9.2740E-001; 2.2500E+002; 9.3979E-001; 2.2500E+002; 9.7139E-001; 2.2500E+002; 9.6285E-001; 2.2500E+002; 8.9448E-001;
 2.2600E+002; 9.2375E-001; 2.2600E+002; 9.2497E-001; 2.2600E+002; 9.2758E-001; 2.2600E+002; 9.3998E-001; 2.2600E+002; 9.7156E-001; 2.2600E+002; 9.6331E-001; 2.2600E+002; 8.9448E-001;
 2.2700E+002; 9.2395E-001; 2.2700E+002; 9.2515E-001; 2.2700E+002; 9.2776E-001; 2.2700E+002; 9.4017E-001; 2.2700E+002; 9.7172E-001; 2.2700E+002; 9.6376E-001; 2.2700E+002; 8.9449E-001;
 2.2800E+002; 9.2415E-001; 2.2800E+002; 9.2533E-001; 2.2800E+002; 9.2794E-001; 2.2800E+002; 9.4036E-001; 2.2800E+002; 9.7187E-001; 2.2800E+002; 9.6420E-001; 2.2800E+002; 8.9449E-001;
 2.2900E+002; 9.2434E-001; 2.2900E+002; 9.2551E-001; 2.2900E+002; 9.2812E-001; 2.2900E+002; 9.4055E-001; 2.2900E+002; 9.7203E-001; 2.2900E+002; 9.6462E-001; 2.2900E+002; 8.9450E-001;
 2.3000E+002; 9.2454E-001; 2.3000E+002; 9.2568E-001; 2.3000E+002; 9.2830E-001; 2.3000E+002; 9.4074E-001; 2.3000E+002; 9.7218E-001; 2.3000E+002; 9.6503E-001; 2.3000E+002; 8.9450E-001;
 2.3100E+002; 9.2474E-001; 2.3100E+002; 9.2586E-001; 2.3100E+002; 9.2848E-001; 2.3100E+002; 9.4092E-001; 2.3100E+002; 9.7232E-001; 2.3100E+002; 9.6543E-001; 2.3100E+002; 8.9451E-001;
 2.3200E+002; 9.2493E-001; 2.3200E+002; 9.2604E-001; 2.3200E+002; 9.2866E-001; 2.3200E+002; 9.4111E-001; 2.3200E+002; 9.7247E-001; 2.3200E+002; 9.6581E-001; 2.3200E+002; 8.9451E-001;
 2.3300E+002; 9.2513E-001; 2.3300E+002; 9.2621E-001; 2.3300E+002; 9.2884E-001; 2.3300E+002; 9.4129E-001; 2.3300E+002; 9.7261E-001; 2.3300E+002; 9.6618E-001; 2.3300E+002; 8.9452E-001;
 2.3400E+002; 9.2532E-001; 2.3400E+002; 9.2639E-001; 2.3400E+002; 9.2902E-001; 2.3400E+002; 9.4147E-001; 2.3400E+002; 9.7275E-001; 2.3400E+002; 9.6655E-001; 2.3400E+002; 8.9452E-001;
 2.3500E+002; 9.2552E-001; 2.3500E+002; 9.2657E-001; 2.3500E+002; 9.2919E-001; 2.3500E+002; 9.4165E-001; 2.3500E+002; 9.7289E-001; 2.3500E+002; 9.6690E-001; 2.3500E+002; 8.9453E-001;
 2.3600E+002; 9.2572E-001; 2.3600E+002; 9.2675E-001; 2.3600E+002; 9.2937E-001; 2.3600E+002; 9.4183E-001; 2.3600E+002; 9.7302E-001; 2.3600E+002; 9.6724E-001; 2.3600E+002; 8.9453E-001;
 2.3700E+002; 9.2591E-001; 2.3700E+002; 9.2692E-001; 2.3700E+002; 9.2955E-001; 2.3700E+002; 9.4200E-001; 2.3700E+002; 9.7315E-001; 2.3700E+002; 9.6757E-001; 2.3700E+002; 8.9454E-001;
 2.3800E+002; 9.2611E-001; 2.3800E+002; 9.2710E-001; 2.3800E+002; 9.2972E-001; 2.3800E+002; 9.4218E-001; 2.3800E+002; 9.7328E-001; 2.3800E+002; 9.6789E-001; 2.3800E+002; 8.9454E-001;
 2.3900E+002; 9.2630E-001; 2.3900E+002; 9.2727E-001; 2.3900E+002; 9.2990E-001; 2.3900E+002; 9.4235E-001; 2.3900E+002; 9.7341E-001; 2.3900E+002; 9.6820E-001; 2.3900E+002; 8.9455E-001;
 2.4000E+002; 9.2650E-001; 2.4000E+002; 9.2745E-001; 2.4000E+002; 9.3007E-001; 2.4000E+002; 9.4253E-001; 2.4000E+002; 9.7354E-001; 2.4000E+002; 9.6850E-001; 2.4000E+002; 8.9455E-001;
