Time(min)   ;PG_00mm(MPa);Time(min)   ;PG_10mm(MPa);Time(min)   ;PG_20mm(MPa);Time(min)   ;PG_30mm(MPa);Time(min)   ;PG_40mm(MPa);Time(min)   ;PG_50mm(MPa);Time(min)   ;PG_120mm(MPa;
 0.0000E+000; 1.0132E-001; 0.0000E+000; 9.9966E-002; 0.0000E+000; 9.8871E-002; 0.0000E+000; 9.8029E-002; 0.0000E+000; 9.7433E-002; 0.0000E+000; 9.7079E-002; 0.0000E+000; 1.0132E-001;
 1.0000E+000; 1.0132E-001; 1.0000E+000; 8.9560E-002; 1.0000E+000; 9.8655E-002; 1.0000E+000; 9.8019E-002; 1.0000E+000; 9.7432E-002; 1.0000E+000; 9.7079E-002; 1.0000E+000; 1.0132E-001;
 2.0000E+000; 1.0132E-001; 2.0000E+000; 8.5116E-002; 2.0000E+000; 9.6292E-002; 2.0000E+000; 9.7899E-002; 2.0000E+000; 9.7421E-002; 2.0000E+000; 9.7078E-002; 2.0000E+000; 1.0132E-001;
 3.0000E+000; 1.0132E-001; 3.0000E+000; 1.0001E-001; 3.0000E+000; 8.8771E-002; 3.0000E+000; 9.7304E-002; 3.0000E+000; 9.7353E-002; 3.0000E+000; 9.7068E-002; 3.0000E+000; 1.0132E-001;
 4.0000E+000; 1.0132E-001; 4.0000E+000; 1.1895E-001; 4.0000E+000; 8.1976E-002; 4.0000E+000; 9.4894E-002; 4.0000E+000; 9.7134E-002; 4.0000E+000; 9.7029E-002; 4.0000E+000; 1.0132E-001;
 5.0000E+000; 1.0132E-001; 5.0000E+000; 1.3897E-001; 5.0000E+000; 7.8739E-002; 5.0000E+000; 8.9633E-002; 5.0000E+000; 9.6496E-002; 5.0000E+000; 9.6934E-002; 5.0000E+000; 1.0132E-001;
 6.0000E+000; 1.0132E-001; 6.0000E+000; 1.6019E-001; 6.0000E+000; 7.8654E-002; 6.0000E+000; 8.2085E-002; 6.0000E+000; 9.4889E-002; 6.0000E+000; 9.6722E-002; 6.0000E+000; 1.0132E-001;
 7.0000E+000; 1.0132E-001; 7.0000E+000; 1.8300E-001; 7.0000E+000; 8.0966E-002; 7.0000E+000; 7.4122E-002; 7.0000E+000; 9.1593E-002; 7.0000E+000; 9.6263E-002; 7.0000E+000; 1.0132E-001;
 8.0000E+000; 1.0132E-001; 8.0000E+000; 2.0789E-001; 8.0000E+000; 8.5186E-002; 8.0000E+000; 6.7532E-002; 8.0000E+000; 8.6037E-002; 8.0000E+000; 9.5309E-002; 8.0000E+000; 1.0132E-001;
 9.0000E+000; 1.0132E-001; 9.0000E+000; 2.3534E-001; 9.0000E+000; 9.1067E-002; 9.0000E+000; 6.3077E-002; 9.0000E+000; 7.8356E-002; 9.0000E+000; 9.3462E-002; 9.0000E+000; 1.0132E-001;
 1.0000E+001; 1.0132E-001; 1.0000E+001; 2.6614E-001; 1.0000E+001; 9.8575E-002; 1.0000E+001; 6.0742E-002; 1.0000E+001; 6.9728E-002; 1.0000E+001; 9.0183E-002; 1.0000E+001; 1.0132E-001;
 1.1000E+001; 1.0132E-001; 1.1000E+001; 3.0071E-001; 1.1000E+001; 1.0778E-001; 1.1000E+001; 6.0256E-002; 1.1000E+001; 6.1794E-002; 1.1000E+001; 8.4953E-002; 1.1000E+001; 1.0132E-001;
 1.2000E+001; 1.0132E-001; 1.2000E+001; 3.3940E-001; 1.2000E+001; 1.1879E-001; 1.2000E+001; 6.1336E-002; 1.2000E+001; 5.5625E-002; 1.2000E+001; 7.7682E-002; 1.2000E+001; 1.0132E-001;
 1.3000E+001; 1.0132E-001; 1.3000E+001; 3.8274E-001; 1.3000E+001; 1.3176E-001; 1.3000E+001; 6.3774E-002; 1.3000E+001; 5.1453E-002; 1.3000E+001; 6.9133E-002; 1.3000E+001; 1.0132E-001;
 1.4000E+001; 1.0132E-001; 1.4000E+001; 4.3120E-001; 1.4000E+001; 1.4698E-001; 1.4000E+001; 6.7473E-002; 1.4000E+001; 4.9069E-002; 1.4000E+001; 6.0736E-002; 1.4000E+001; 1.0132E-001;
 1.5000E+001; 1.0132E-001; 1.5000E+001; 4.8490E-001; 1.5000E+001; 1.6468E-001; 1.5000E+001; 7.2404E-002; 1.5000E+001; 4.8162E-002; 1.5000E+001; 5.3701E-002; 1.5000E+001; 1.0132E-001;
 1.6000E+001; 1.0132E-001; 1.6000E+001; 5.4400E-001; 1.6000E+001; 1.8515E-001; 1.6000E+001; 7.8583E-002; 1.6000E+001; 4.8466E-002; 1.6000E+001; 4.8489E-002; 1.6000E+001; 1.0132E-001;
 1.7000E+001; 1.0132E-001; 1.7000E+001; 6.0839E-001; 1.7000E+001; 2.0876E-001; 1.7000E+001; 8.6076E-002; 1.7000E+001; 4.9797E-002; 1.7000E+001; 4.5003E-002; 1.7000E+001; 1.0132E-001;
 1.8000E+001; 1.0132E-001; 1.8000E+001; 6.7778E-001; 1.8000E+001; 2.3608E-001; 1.8000E+001; 9.5031E-002; 1.8000E+001; 5.2055E-002; 1.8000E+001; 4.2957E-002; 1.8000E+001; 1.0132E-001;
 1.9000E+001; 1.0132E-001; 1.9000E+001; 7.5214E-001; 1.9000E+001; 2.6754E-001; 1.9000E+001; 1.0562E-001; 1.9000E+001; 5.5201E-002; 1.9000E+001; 4.2069E-002; 1.9000E+001; 1.0132E-001;
 2.0000E+001; 1.0132E-001; 2.0000E+001; 8.3110E-001; 2.0000E+001; 3.0368E-001; 2.0000E+001; 1.1806E-001; 2.0000E+001; 5.9238E-002; 2.0000E+001; 4.2126E-002; 2.0000E+001; 1.0132E-001;
 2.1000E+001; 1.0132E-001; 2.1000E+001; 9.1405E-001; 2.1000E+001; 3.4502E-001; 2.1000E+001; 1.3259E-001; 2.1000E+001; 6.4206E-002; 2.1000E+001; 4.2984E-002; 2.1000E+001; 1.0132E-001;
 2.2000E+001; 1.0132E-001; 2.2000E+001; 9.9994E-001; 2.2000E+001; 3.9213E-001; 2.2000E+001; 1.4960E-001; 2.2000E+001; 7.0183E-002; 2.2000E+001; 4.4558E-002; 2.2000E+001; 1.0132E-001;
 2.3000E+001; 1.0132E-001; 2.3000E+001; 1.0873E+000; 2.3000E+001; 4.4508E-001; 2.3000E+001; 1.6948E-001; 2.3000E+001; 7.7290E-002; 2.3000E+001; 4.6811E-002; 2.3000E+001; 1.0132E-001;
 2.4000E+001; 1.0132E-001; 2.4000E+001; 1.1742E+000; 2.4000E+001; 5.0345E-001; 2.4000E+001; 1.9259E-001; 2.4000E+001; 8.5656E-002; 2.4000E+001; 4.9738E-002; 2.4000E+001; 1.0132E-001;
 2.5000E+001; 1.0132E-001; 2.5000E+001; 1.2582E+000; 2.5000E+001; 5.6609E-001; 2.5000E+001; 2.1923E-001; 2.5000E+001; 9.5420E-002; 2.5000E+001; 5.3345E-002; 2.5000E+001; 1.0132E-001;
 2.6000E+001; 1.0132E-001; 2.6000E+001; 1.3371E+000; 2.6000E+001; 6.3116E-001; 2.6000E+001; 2.4956E-001; 2.6000E+001; 1.0672E-001; 2.6000E+001; 5.7658E-002; 2.6000E+001; 1.0132E-001;
 2.7000E+001; 1.0132E-001; 2.7000E+001; 1.4090E+000; 2.7000E+001; 6.9587E-001; 2.7000E+001; 2.8374E-001; 2.7000E+001; 1.1970E-001; 2.7000E+001; 6.2709E-002; 2.7000E+001; 1.0132E-001;
 2.8000E+001; 1.0132E-001; 2.8000E+001; 1.4737E+000; 2.8000E+001; 7.5824E-001; 2.8000E+001; 3.2129E-001; 2.8000E+001; 1.3450E-001; 2.8000E+001; 6.8538E-002; 2.8000E+001; 1.0132E-001;
 2.9000E+001; 1.0132E-001; 2.9000E+001; 1.5316E+000; 2.9000E+001; 8.1693E-001; 2.9000E+001; 3.6137E-001; 2.9000E+001; 1.5114E-001; 2.9000E+001; 7.5179E-002; 2.9000E+001; 1.0132E-001;
 3.0000E+001; 1.0132E-001; 3.0000E+001; 1.5837E+000; 3.0000E+001; 8.7130E-001; 3.0000E+001; 4.0298E-001; 3.0000E+001; 1.6959E-001; 3.0000E+001; 8.2651E-002; 3.0000E+001; 1.0132E-001;
 3.1000E+001; 1.0132E-001; 3.1000E+001; 1.6312E+000; 3.1000E+001; 9.2133E-001; 3.1000E+001; 4.4507E-001; 3.1000E+001; 1.8972E-001; 3.1000E+001; 9.0964E-002; 3.1000E+001; 1.0132E-001;
 3.2000E+001; 1.0132E-001; 3.2000E+001; 1.6747E+000; 3.2000E+001; 9.6729E-001; 3.2000E+001; 4.8680E-001; 3.2000E+001; 2.1143E-001; 3.2000E+001; 1.0013E-001; 3.2000E+001; 1.0132E-001;
 3.3000E+001; 1.0132E-001; 3.3000E+001; 1.7150E+000; 3.3000E+001; 1.0096E+000; 3.3000E+001; 5.2742E-001; 3.3000E+001; 2.3454E-001; 3.3000E+001; 1.1015E-001; 3.3000E+001; 1.0132E-001;
 3.4000E+001; 1.0132E-001; 3.4000E+001; 1.7525E+000; 3.4000E+001; 1.0488E+000; 3.4000E+001; 5.6648E-001; 3.4000E+001; 2.5875E-001; 3.4000E+001; 1.2103E-001; 3.4000E+001; 1.0132E-001;
 3.5000E+001; 1.0132E-001; 3.5000E+001; 1.7873E+000; 3.5000E+001; 1.0856E+000; 3.5000E+001; 6.0380E-001; 3.5000E+001; 2.8370E-001; 3.5000E+001; 1.3273E-001; 3.5000E+001; 1.0132E-001;
 3.6000E+001; 1.0132E-001; 3.6000E+001; 1.8193E+000; 3.6000E+001; 1.1207E+000; 3.6000E+001; 6.3939E-001; 3.6000E+001; 3.0909E-001; 3.6000E+001; 1.4521E-001; 3.6000E+001; 1.0132E-001;
 3.7000E+001; 1.0132E-001; 3.7000E+001; 1.8482E+000; 3.7000E+001; 1.1543E+000; 3.7000E+001; 6.7333E-001; 3.7000E+001; 3.3467E-001; 3.7000E+001; 1.5839E-001; 3.7000E+001; 1.0132E-001;
 3.8000E+001; 1.0132E-001; 3.8000E+001; 1.8732E+000; 3.8000E+001; 1.1871E+000; 3.8000E+001; 7.0550E-001; 3.8000E+001; 3.6051E-001; 3.8000E+001; 1.7225E-001; 3.8000E+001; 1.0132E-001;
 3.9000E+001; 1.0132E-001; 3.9000E+001; 1.8935E+000; 3.9000E+001; 1.2193E+000; 3.9000E+001; 7.3633E-001; 3.9000E+001; 3.8631E-001; 3.9000E+001; 1.8675E-001; 3.9000E+001; 1.0132E-001;
 4.0000E+001; 1.0132E-001; 4.0000E+001; 1.9082E+000; 4.0000E+001; 1.2511E+000; 4.0000E+001; 7.6612E-001; 4.0000E+001; 4.1191E-001; 4.0000E+001; 2.0182E-001; 4.0000E+001; 1.0132E-001;
 4.1000E+001; 1.0132E-001; 4.1000E+001; 1.9166E+000; 4.1000E+001; 1.2827E+000; 4.1000E+001; 7.9509E-001; 4.1000E+001; 4.3726E-001; 4.1000E+001; 2.1738E-001; 4.1000E+001; 1.0132E-001;
 4.2000E+001; 1.0132E-001; 4.2000E+001; 1.9186E+000; 4.2000E+001; 1.3143E+000; 4.2000E+001; 8.2338E-001; 4.2000E+001; 4.6232E-001; 4.2000E+001; 2.3336E-001; 4.2000E+001; 1.0132E-001;
 4.3000E+001; 1.0132E-001; 4.3000E+001; 1.9146E+000; 4.3000E+001; 1.3458E+000; 4.3000E+001; 8.5107E-001; 4.3000E+001; 4.8708E-001; 4.3000E+001; 2.4970E-001; 4.3000E+001; 1.0132E-001;
 4.4000E+001; 1.0132E-001; 4.4000E+001; 1.9056E+000; 4.4000E+001; 1.3772E+000; 4.4000E+001; 8.7806E-001; 4.4000E+001; 5.1155E-001; 4.4000E+001; 2.6644E-001; 4.4000E+001; 1.0132E-001;
 4.5000E+001; 1.0132E-001; 4.5000E+001; 1.8927E+000; 4.5000E+001; 1.4084E+000; 4.5000E+001; 9.0436E-001; 4.5000E+001; 5.3564E-001; 4.5000E+001; 2.8351E-001; 4.5000E+001; 1.0132E-001;
 4.6000E+001; 1.0132E-001; 4.6000E+001; 1.8772E+000; 4.6000E+001; 1.4394E+000; 4.6000E+001; 9.2998E-001; 4.6000E+001; 5.5931E-001; 4.6000E+001; 3.0083E-001; 4.6000E+001; 1.0132E-001;
 4.7000E+001; 1.0132E-001; 4.7000E+001; 1.8598E+000; 4.7000E+001; 1.4703E+000; 4.7000E+001; 9.5494E-001; 4.7000E+001; 5.8252E-001; 4.7000E+001; 3.1831E-001; 4.7000E+001; 1.0132E-001;
 4.8000E+001; 1.0132E-001; 4.8000E+001; 1.8411E+000; 4.8000E+001; 1.5010E+000; 4.8000E+001; 9.7927E-001; 4.8000E+001; 6.0524E-001; 4.8000E+001; 3.3585E-001; 4.8000E+001; 1.0132E-001;
 4.9000E+001; 1.0132E-001; 4.9000E+001; 1.8218E+000; 4.9000E+001; 1.5316E+000; 4.9000E+001; 1.0030E+000; 4.9000E+001; 6.2744E-001; 4.9000E+001; 3.5339E-001; 4.9000E+001; 1.0132E-001;
 5.0000E+001; 1.0132E-001; 5.0000E+001; 1.8020E+000; 5.0000E+001; 1.5622E+000; 5.0000E+001; 1.0262E+000; 5.0000E+001; 6.4892E-001; 5.0000E+001; 3.7102E-001; 5.0000E+001; 1.0132E-001;
 5.1000E+001; 1.0132E-001; 5.1000E+001; 1.7821E+000; 5.1000E+001; 1.5926E+000; 5.1000E+001; 1.0488E+000; 5.1000E+001; 6.6974E-001; 5.1000E+001; 3.8864E-001; 5.1000E+001; 1.0132E-001;
 5.2000E+001; 1.0132E-001; 5.2000E+001; 1.7621E+000; 5.2000E+001; 1.6229E+000; 5.2000E+001; 1.0710E+000; 5.2000E+001; 6.9000E-001; 5.2000E+001; 4.0614E-001; 5.2000E+001; 1.0132E-001;
 5.3000E+001; 1.0132E-001; 5.3000E+001; 1.7422E+000; 5.3000E+001; 1.6530E+000; 5.3000E+001; 1.0927E+000; 5.3000E+001; 7.0974E-001; 5.3000E+001; 4.2345E-001; 5.3000E+001; 1.0132E-001;
 5.4000E+001; 1.0132E-001; 5.4000E+001; 1.7221E+000; 5.4000E+001; 1.6827E+000; 5.4000E+001; 1.1141E+000; 5.4000E+001; 7.2902E-001; 5.4000E+001; 4.4053E-001; 5.4000E+001; 1.0132E-001;
 5.5000E+001; 1.0132E-001; 5.5000E+001; 1.7019E+000; 5.5000E+001; 1.7119E+000; 5.5000E+001; 1.1353E+000; 5.5000E+001; 7.4786E-001; 5.5000E+001; 4.5737E-001; 5.5000E+001; 1.0132E-001;
 5.6000E+001; 1.0132E-001; 5.6000E+001; 1.6814E+000; 5.6000E+001; 1.7404E+000; 5.6000E+001; 1.1561E+000; 5.6000E+001; 7.6629E-001; 5.6000E+001; 4.7395E-001; 5.6000E+001; 1.0132E-001;
 5.7000E+001; 1.0132E-001; 5.7000E+001; 1.6605E+000; 5.7000E+001; 1.7679E+000; 5.7000E+001; 1.1767E+000; 5.7000E+001; 7.8427E-001; 5.7000E+001; 4.9027E-001; 5.7000E+001; 1.0132E-001;
 5.8000E+001; 1.0132E-001; 5.8000E+001; 1.6393E+000; 5.8000E+001; 1.7941E+000; 5.8000E+001; 1.1971E+000; 5.8000E+001; 8.0184E-001; 5.8000E+001; 5.0630E-001; 5.8000E+001; 1.0132E-001;
 5.9000E+001; 1.0132E-001; 5.9000E+001; 1.6180E+000; 5.9000E+001; 1.8189E+000; 5.9000E+001; 1.2173E+000; 5.9000E+001; 8.1904E-001; 5.9000E+001; 5.2205E-001; 5.9000E+001; 1.0132E-001;
 6.0000E+001; 1.0132E-001; 6.0000E+001; 1.5967E+000; 6.0000E+001; 1.8419E+000; 6.0000E+001; 1.2374E+000; 6.0000E+001; 8.3590E-001; 6.0000E+001; 5.3750E-001; 6.0000E+001; 1.0132E-001;
 6.1000E+001; 1.0132E-001; 6.1000E+001; 1.5756E+000; 6.1000E+001; 1.8629E+000; 6.1000E+001; 1.2574E+000; 6.1000E+001; 8.5246E-001; 6.1000E+001; 5.5266E-001; 6.1000E+001; 1.0132E-001;
 6.2000E+001; 1.0132E-001; 6.2000E+001; 1.5550E+000; 6.2000E+001; 1.8816E+000; 6.2000E+001; 1.2772E+000; 6.2000E+001; 8.6874E-001; 6.2000E+001; 5.6754E-001; 6.2000E+001; 1.0132E-001;
 6.3000E+001; 1.0132E-001; 6.3000E+001; 1.5350E+000; 6.3000E+001; 1.8976E+000; 6.3000E+001; 1.2971E+000; 6.3000E+001; 8.8477E-001; 6.3000E+001; 5.8207E-001; 6.3000E+001; 1.0132E-001;
 6.4000E+001; 1.0132E-001; 6.4000E+001; 1.5157E+000; 6.4000E+001; 1.9108E+000; 6.4000E+001; 1.3170E+000; 6.4000E+001; 9.0053E-001; 6.4000E+001; 5.9622E-001; 6.4000E+001; 1.0132E-001;
 6.5000E+001; 1.0132E-001; 6.5000E+001; 1.4970E+000; 6.5000E+001; 1.9209E+000; 6.5000E+001; 1.3369E+000; 6.5000E+001; 9.1605E-001; 6.5000E+001; 6.1005E-001; 6.5000E+001; 1.0132E-001;
 6.6000E+001; 1.0132E-001; 6.6000E+001; 1.4790E+000; 6.6000E+001; 1.9280E+000; 6.6000E+001; 1.3569E+000; 6.6000E+001; 9.3133E-001; 6.6000E+001; 6.2361E-001; 6.6000E+001; 1.0132E-001;
 6.7000E+001; 1.0132E-001; 6.7000E+001; 1.4615E+000; 6.7000E+001; 1.9320E+000; 6.7000E+001; 1.3769E+000; 6.7000E+001; 9.4641E-001; 6.7000E+001; 6.3690E-001; 6.7000E+001; 1.0132E-001;
 6.8000E+001; 1.0132E-001; 6.8000E+001; 1.4445E+000; 6.8000E+001; 1.9330E+000; 6.8000E+001; 1.3970E+000; 6.8000E+001; 9.6129E-001; 6.8000E+001; 6.4994E-001; 6.8000E+001; 1.0132E-001;
 6.9000E+001; 1.0132E-001; 6.9000E+001; 1.4277E+000; 6.9000E+001; 1.9314E+000; 6.9000E+001; 1.4172E+000; 6.9000E+001; 9.7599E-001; 6.9000E+001; 6.6273E-001; 6.9000E+001; 1.0132E-001;
 7.0000E+001; 1.0132E-001; 7.0000E+001; 1.4112E+000; 7.0000E+001; 1.9274E+000; 7.0000E+001; 1.4375E+000; 7.0000E+001; 9.9050E-001; 7.0000E+001; 6.7526E-001; 7.0000E+001; 1.0132E-001;
 7.1000E+001; 1.0132E-001; 7.1000E+001; 1.3949E+000; 7.1000E+001; 1.9214E+000; 7.1000E+001; 1.4579E+000; 7.1000E+001; 1.0048E+000; 7.1000E+001; 6.8751E-001; 7.1000E+001; 1.0132E-001;
 7.2000E+001; 1.0132E-001; 7.2000E+001; 1.3786E+000; 7.2000E+001; 1.9137E+000; 7.2000E+001; 1.4783E+000; 7.2000E+001; 1.0190E+000; 7.2000E+001; 6.9950E-001; 7.2000E+001; 1.0132E-001;
 7.3000E+001; 1.0132E-001; 7.3000E+001; 1.3625E+000; 7.3000E+001; 1.9047E+000; 7.3000E+001; 1.4987E+000; 7.3000E+001; 1.0330E+000; 7.3000E+001; 7.1124E-001; 7.3000E+001; 1.0132E-001;
 7.4000E+001; 1.0132E-001; 7.4000E+001; 1.3466E+000; 7.4000E+001; 1.8947E+000; 7.4000E+001; 1.5191E+000; 7.4000E+001; 1.0468E+000; 7.4000E+001; 7.2276E-001; 7.4000E+001; 1.0132E-001;
 7.5000E+001; 1.0132E-001; 7.5000E+001; 1.3309E+000; 7.5000E+001; 1.8838E+000; 7.5000E+001; 1.5394E+000; 7.5000E+001; 1.0605E+000; 7.5000E+001; 7.3407E-001; 7.5000E+001; 1.0132E-001;
 7.6000E+001; 1.0132E-001; 7.6000E+001; 1.3154E+000; 7.6000E+001; 1.8722E+000; 7.6000E+001; 1.5596E+000; 7.6000E+001; 1.0741E+000; 7.6000E+001; 7.4517E-001; 7.6000E+001; 1.0132E-001;
 7.7000E+001; 1.0132E-001; 7.7000E+001; 1.3003E+000; 7.7000E+001; 1.8601E+000; 7.7000E+001; 1.5794E+000; 7.7000E+001; 1.0875E+000; 7.7000E+001; 7.5606E-001; 7.7000E+001; 1.0132E-001;
 7.8000E+001; 1.0132E-001; 7.8000E+001; 1.2855E+000; 7.8000E+001; 1.8476E+000; 7.8000E+001; 1.5990E+000; 7.8000E+001; 1.1009E+000; 7.8000E+001; 7.6675E-001; 7.8000E+001; 1.0132E-001;
 7.9000E+001; 1.0132E-001; 7.9000E+001; 1.2711E+000; 7.9000E+001; 1.8345E+000; 7.9000E+001; 1.6180E+000; 7.9000E+001; 1.1141E+000; 7.9000E+001; 7.7723E-001; 7.9000E+001; 1.0132E-001;
 8.0000E+001; 1.0132E-001; 8.0000E+001; 1.2571E+000; 8.0000E+001; 1.8211E+000; 8.0000E+001; 1.6364E+000; 8.0000E+001; 1.1272E+000; 8.0000E+001; 7.8752E-001; 8.0000E+001; 1.0132E-001;
 8.1000E+001; 1.0132E-001; 8.1000E+001; 1.2433E+000; 8.1000E+001; 1.8072E+000; 8.1000E+001; 1.6541E+000; 8.1000E+001; 1.1402E+000; 8.1000E+001; 7.9762E-001; 8.1000E+001; 1.0132E-001;
 8.2000E+001; 1.0132E-001; 8.2000E+001; 1.2298E+000; 8.2000E+001; 1.7929E+000; 8.2000E+001; 1.6709E+000; 8.2000E+001; 1.1531E+000; 8.2000E+001; 8.0753E-001; 8.2000E+001; 1.0132E-001;
 8.3000E+001; 1.0132E-001; 8.3000E+001; 1.2166E+000; 8.3000E+001; 1.7782E+000; 8.3000E+001; 1.6867E+000; 8.3000E+001; 1.1659E+000; 8.3000E+001; 8.1726E-001; 8.3000E+001; 1.0132E-001;
 8.4000E+001; 1.0132E-001; 8.4000E+001; 1.2035E+000; 8.4000E+001; 1.7633E+000; 8.4000E+001; 1.7014E+000; 8.4000E+001; 1.1786E+000; 8.4000E+001; 8.2679E-001; 8.4000E+001; 1.0132E-001;
 8.5000E+001; 1.0132E-001; 8.5000E+001; 1.1906E+000; 8.5000E+001; 1.7480E+000; 8.5000E+001; 1.7148E+000; 8.5000E+001; 1.1912E+000; 8.5000E+001; 8.3612E-001; 8.5000E+001; 1.0132E-001;
 8.6000E+001; 1.0132E-001; 8.6000E+001; 1.1778E+000; 8.6000E+001; 1.7326E+000; 8.6000E+001; 1.7269E+000; 8.6000E+001; 1.2037E+000; 8.6000E+001; 8.4525E-001; 8.6000E+001; 1.0132E-001;
 8.7000E+001; 1.0132E-001; 8.7000E+001; 1.1652E+000; 8.7000E+001; 1.7170E+000; 8.7000E+001; 1.7375E+000; 8.7000E+001; 1.2161E+000; 8.7000E+001; 8.5418E-001; 8.7000E+001; 1.0132E-001;
 8.8000E+001; 1.0132E-001; 8.8000E+001; 1.1527E+000; 8.8000E+001; 1.7013E+000; 8.8000E+001; 1.7466E+000; 8.8000E+001; 1.2285E+000; 8.8000E+001; 8.6289E-001; 8.8000E+001; 1.0132E-001;
 8.9000E+001; 1.0132E-001; 8.9000E+001; 1.1403E+000; 8.9000E+001; 1.6856E+000; 8.9000E+001; 1.7540E+000; 8.9000E+001; 1.2407E+000; 8.9000E+001; 8.7140E-001; 8.9000E+001; 1.0132E-001;
 9.0000E+001; 1.0132E-001; 9.0000E+001; 1.1281E+000; 9.0000E+001; 1.6699E+000; 9.0000E+001; 1.7598E+000; 9.0000E+001; 1.2528E+000; 9.0000E+001; 8.7970E-001; 9.0000E+001; 1.0132E-001;
 9.1000E+001; 1.0132E-001; 9.1000E+001; 1.1160E+000; 9.1000E+001; 1.6542E+000; 9.1000E+001; 1.7640E+000; 9.1000E+001; 1.2649E+000; 9.1000E+001; 8.8778E-001; 9.1000E+001; 1.0132E-001;
 9.2000E+001; 1.0132E-001; 9.2000E+001; 1.1041E+000; 9.2000E+001; 1.6386E+000; 9.2000E+001; 1.7665E+000; 9.2000E+001; 1.2768E+000; 9.2000E+001; 8.9563E-001; 9.2000E+001; 1.0132E-001;
 9.3000E+001; 1.0132E-001; 9.3000E+001; 1.0923E+000; 9.3000E+001; 1.6230E+000; 9.3000E+001; 1.7675E+000; 9.3000E+001; 1.2885E+000; 9.3000E+001; 9.0324E-001; 9.3000E+001; 1.0132E-001;
 9.4000E+001; 1.0132E-001; 9.4000E+001; 1.0807E+000; 9.4000E+001; 1.6073E+000; 9.4000E+001; 1.7669E+000; 9.4000E+001; 1.3001E+000; 9.4000E+001; 9.1061E-001; 9.4000E+001; 1.0132E-001;
 9.5000E+001; 1.0132E-001; 9.5000E+001; 1.0692E+000; 9.5000E+001; 1.5917E+000; 9.5000E+001; 1.7648E+000; 9.5000E+001; 1.3114E+000; 9.5000E+001; 9.1771E-001; 9.5000E+001; 1.0132E-001;
 9.6000E+001; 1.0132E-001; 9.6000E+001; 1.0578E+000; 9.6000E+001; 1.5761E+000; 9.6000E+001; 1.7613E+000; 9.6000E+001; 1.3225E+000; 9.6000E+001; 9.2455E-001; 9.6000E+001; 1.0132E-001;
 9.7000E+001; 1.0132E-001; 9.7000E+001; 1.0465E+000; 9.7000E+001; 1.5604E+000; 9.7000E+001; 1.7564E+000; 9.7000E+001; 1.3333E+000; 9.7000E+001; 9.3111E-001; 9.7000E+001; 1.0132E-001;
 9.8000E+001; 1.0132E-001; 9.8000E+001; 1.0352E+000; 9.8000E+001; 1.5446E+000; 9.8000E+001; 1.7504E+000; 9.8000E+001; 1.3437E+000; 9.8000E+001; 9.3736E-001; 9.8000E+001; 1.0132E-001;
 9.9000E+001; 1.0132E-001; 9.9000E+001; 1.0240E+000; 9.9000E+001; 1.5288E+000; 9.9000E+001; 1.7432E+000; 9.9000E+001; 1.3537E+000; 9.9000E+001; 9.4330E-001; 9.9000E+001; 1.0132E-001;
 1.0000E+002; 1.0132E-001; 1.0000E+002; 1.0129E+000; 1.0000E+002; 1.5128E+000; 1.0000E+002; 1.7349E+000; 1.0000E+002; 1.3632E+000; 1.0000E+002; 9.4891E-001; 1.0000E+002; 1.0132E-001;
 1.0100E+002; 1.0132E-001; 1.0100E+002; 1.0017E+000; 1.0100E+002; 1.4968E+000; 1.0100E+002; 1.7257E+000; 1.0100E+002; 1.3722E+000; 1.0100E+002; 9.5417E-001; 1.0100E+002; 1.0132E-001;
 1.0200E+002; 1.0132E-001; 1.0200E+002; 9.9049E-001; 1.0200E+002; 1.4807E+000; 1.0200E+002; 1.7155E+000; 1.0200E+002; 1.3806E+000; 1.0200E+002; 9.5906E-001; 1.0200E+002; 1.0132E-001;
 1.0300E+002; 1.0132E-001; 1.0300E+002; 9.7921E-001; 1.0300E+002; 1.4645E+000; 1.0300E+002; 1.7044E+000; 1.0300E+002; 1.3882E+000; 1.0300E+002; 9.6356E-001; 1.0300E+002; 1.0132E-001;
 1.0400E+002; 1.0132E-001; 1.0400E+002; 9.6778E-001; 1.0400E+002; 1.4480E+000; 1.0400E+002; 1.6925E+000; 1.0400E+002; 1.3951E+000; 1.0400E+002; 9.6764E-001; 1.0400E+002; 1.0132E-001;
 1.0500E+002; 1.0132E-001; 1.0500E+002; 9.5609E-001; 1.0500E+002; 1.4314E+000; 1.0500E+002; 1.6797E+000; 1.0500E+002; 1.4012E+000; 1.0500E+002; 9.7129E-001; 1.0500E+002; 1.0132E-001;
 1.0600E+002; 1.0132E-001; 1.0600E+002; 9.4380E-001; 1.0600E+002; 1.4143E+000; 1.0600E+002; 1.6661E+000; 1.0600E+002; 1.4062E+000; 1.0600E+002; 9.7448E-001; 1.0600E+002; 1.0132E-001;
 1.0700E+002; 1.0132E-001; 1.0700E+002; 9.2988E-001; 1.0700E+002; 1.3966E+000; 1.0700E+002; 1.6515E+000; 1.0700E+002; 1.4103E+000; 1.0700E+002; 9.7715E-001; 1.0700E+002; 1.0132E-001;
 1.0800E+002; 1.0132E-001; 1.0800E+002; 9.1881E-001; 1.0800E+002; 1.3782E+000; 1.0800E+002; 1.6362E+000; 1.0800E+002; 1.4131E+000; 1.0800E+002; 9.7927E-001; 1.0800E+002; 1.0132E-001;
 1.0900E+002; 1.0132E-001; 1.0900E+002; 9.1096E-001; 1.0900E+002; 1.3597E+000; 1.0900E+002; 1.6203E+000; 1.0900E+002; 1.4149E+000; 1.0900E+002; 9.8082E-001; 1.0900E+002; 1.0132E-001;
 1.1000E+002; 1.0132E-001; 1.1000E+002; 9.0228E-001; 1.1000E+002; 1.3434E+000; 1.1000E+002; 1.6037E+000; 1.1000E+002; 1.4157E+000; 1.1000E+002; 9.8185E-001; 1.1000E+002; 1.0132E-001;
 1.1100E+002; 1.0132E-001; 1.1100E+002; 8.9406E-001; 1.1100E+002; 1.3285E+000; 1.1100E+002; 1.5864E+000; 1.1100E+002; 1.4153E+000; 1.1100E+002; 9.8235E-001; 1.1100E+002; 1.0132E-001;
 1.1200E+002; 1.0132E-001; 1.1200E+002; 8.8551E-001; 1.1200E+002; 1.3149E+000; 1.1200E+002; 1.5686E+000; 1.1200E+002; 1.4138E+000; 1.1200E+002; 9.8232E-001; 1.1200E+002; 1.0132E-001;
 1.1300E+002; 1.0132E-001; 1.1300E+002; 8.7699E-001; 1.1300E+002; 1.3012E+000; 1.1300E+002; 1.5505E+000; 1.1300E+002; 1.4110E+000; 1.1300E+002; 9.8171E-001; 1.1300E+002; 1.0132E-001;
 1.1400E+002; 1.0132E-001; 1.1400E+002; 8.6841E-001; 1.1400E+002; 1.2873E+000; 1.1400E+002; 1.5326E+000; 1.1400E+002; 1.4070E+000; 1.1400E+002; 9.8050E-001; 1.1400E+002; 1.0132E-001;
 1.1500E+002; 1.0132E-001; 1.1500E+002; 8.5976E-001; 1.1500E+002; 1.2735E+000; 1.1500E+002; 1.5148E+000; 1.1500E+002; 1.4017E+000; 1.1500E+002; 9.7864E-001; 1.1500E+002; 1.0132E-001;
 1.1600E+002; 1.0132E-001; 1.1600E+002; 8.5107E-001; 1.1600E+002; 1.2596E+000; 1.1600E+002; 1.4971E+000; 1.1600E+002; 1.3951E+000; 1.1600E+002; 9.7608E-001; 1.1600E+002; 1.0132E-001;
 1.1700E+002; 1.0132E-001; 1.1700E+002; 8.4233E-001; 1.1700E+002; 1.2457E+000; 1.1700E+002; 1.4793E+000; 1.1700E+002; 1.3870E+000; 1.1700E+002; 9.7276E-001; 1.1700E+002; 1.0132E-001;
 1.1800E+002; 1.0132E-001; 1.1800E+002; 8.3352E-001; 1.1800E+002; 1.2317E+000; 1.1800E+002; 1.4612E+000; 1.1800E+002; 1.3773E+000; 1.1800E+002; 9.6865E-001; 1.1800E+002; 1.0132E-001;
 1.1900E+002; 1.0132E-001; 1.1900E+002; 8.2459E-001; 1.1900E+002; 1.2178E+000; 1.1900E+002; 1.4430E+000; 1.1900E+002; 1.3660E+000; 1.1900E+002; 9.6368E-001; 1.1900E+002; 1.0132E-001;
 1.2000E+002; 1.0132E-001; 1.2000E+002; 8.1536E-001; 1.2000E+002; 1.2040E+000; 1.2000E+002; 1.4245E+000; 1.2000E+002; 1.3534E+000; 1.2000E+002; 9.5788E-001; 1.2000E+002; 1.0132E-001;
 1.2100E+002; 1.0132E-001; 1.2100E+002; 8.0638E-001; 1.2100E+002; 1.1902E+000; 1.2100E+002; 1.4061E+000; 1.2100E+002; 1.3396E+000; 1.2100E+002; 9.5132E-001; 1.2100E+002; 1.0132E-001;
 1.2200E+002; 1.0132E-001; 1.2200E+002; 7.9790E-001; 1.2200E+002; 1.1766E+000; 1.2200E+002; 1.3877E+000; 1.2200E+002; 1.3248E+000; 1.2200E+002; 9.4385E-001; 1.2200E+002; 1.0132E-001;
 1.2300E+002; 1.0132E-001; 1.2300E+002; 7.8972E-001; 1.2300E+002; 1.1630E+000; 1.2300E+002; 1.3692E+000; 1.2300E+002; 1.3093E+000; 1.2300E+002; 9.3542E-001; 1.2300E+002; 1.0132E-001;
 1.2400E+002; 1.0132E-001; 1.2400E+002; 7.8175E-001; 1.2400E+002; 1.1497E+000; 1.2400E+002; 1.3506E+000; 1.2400E+002; 1.2930E+000; 1.2400E+002; 9.2597E-001; 1.2400E+002; 1.0132E-001;
 1.2500E+002; 1.0132E-001; 1.2500E+002; 7.7397E-001; 1.2500E+002; 1.1365E+000; 1.2500E+002; 1.3318E+000; 1.2500E+002; 1.2757E+000; 1.2500E+002; 9.1546E-001; 1.2500E+002; 1.0132E-001;
 1.2600E+002; 1.0132E-001; 1.2600E+002; 7.6635E-001; 1.2600E+002; 1.1235E+000; 1.2600E+002; 1.3131E+000; 1.2600E+002; 1.2577E+000; 1.2600E+002; 9.0406E-001; 1.2600E+002; 1.0132E-001;
 1.2700E+002; 1.0132E-001; 1.2700E+002; 7.5891E-001; 1.2700E+002; 1.1107E+000; 1.2700E+002; 1.2944E+000; 1.2700E+002; 1.2390E+000; 1.2700E+002; 8.9190E-001; 1.2700E+002; 1.0132E-001;
 1.2800E+002; 1.0132E-001; 1.2800E+002; 7.5166E-001; 1.2800E+002; 1.0982E+000; 1.2800E+002; 1.2758E+000; 1.2800E+002; 1.2197E+000; 1.2800E+002; 8.7901E-001; 1.2800E+002; 1.0132E-001;
 1.2900E+002; 1.0132E-001; 1.2900E+002; 7.4460E-001; 1.2900E+002; 1.0860E+000; 1.2900E+002; 1.2574E+000; 1.2900E+002; 1.2000E+000; 1.2900E+002; 8.6548E-001; 1.2900E+002; 1.0132E-001;
 1.3000E+002; 1.0132E-001; 1.3000E+002; 7.3776E-001; 1.3000E+002; 1.0742E+000; 1.3000E+002; 1.2393E+000; 1.3000E+002; 1.1800E+000; 1.3000E+002; 8.5142E-001; 1.3000E+002; 1.0132E-001;
 1.3100E+002; 1.0132E-001; 1.3100E+002; 7.3098E-001; 1.3100E+002; 1.0630E+000; 1.3100E+002; 1.2218E+000; 1.3100E+002; 1.1601E+000; 1.3100E+002; 8.3703E-001; 1.3100E+002; 1.0132E-001;
 1.3200E+002; 1.0132E-001; 1.3200E+002; 7.2403E-001; 1.3200E+002; 1.0524E+000; 1.3200E+002; 1.2053E+000; 1.3200E+002; 1.1408E+000; 1.3200E+002; 8.2270E-001; 1.3200E+002; 1.0132E-001;
 1.3300E+002; 1.0132E-001; 1.3300E+002; 7.1715E-001; 1.3300E+002; 1.0424E+000; 1.3300E+002; 1.1901E+000; 1.3300E+002; 1.1225E+000; 1.3300E+002; 8.0886E-001; 1.3300E+002; 1.0132E-001;
 1.3400E+002; 1.0132E-001; 1.3400E+002; 7.1044E-001; 1.3400E+002; 1.0330E+000; 1.3400E+002; 1.1760E+000; 1.3400E+002; 1.1055E+000; 1.3400E+002; 7.9579E-001; 1.3400E+002; 1.0132E-001;
 1.3500E+002; 1.0132E-001; 1.3500E+002; 7.0398E-001; 1.3500E+002; 1.0241E+000; 1.3500E+002; 1.1630E+000; 1.3500E+002; 1.0898E+000; 1.3500E+002; 7.8366E-001; 1.3500E+002; 1.0132E-001;
 1.3600E+002; 1.0132E-001; 1.3600E+002; 6.9781E-001; 1.3600E+002; 1.0159E+000; 1.3600E+002; 1.1512E+000; 1.3600E+002; 1.0755E+000; 1.3600E+002; 7.7260E-001; 1.3600E+002; 1.0132E-001;
 1.3700E+002; 1.0132E-001; 1.3700E+002; 6.9193E-001; 1.3700E+002; 1.0088E+000; 1.3700E+002; 1.1410E+000; 1.3700E+002; 1.0629E+000; 1.3700E+002; 7.6280E-001; 1.3700E+002; 1.0132E-001;
 1.3800E+002; 1.0132E-001; 1.3800E+002; 6.8639E-001; 1.3800E+002; 1.0040E+000; 1.3800E+002; 1.1348E+000; 1.3800E+002; 1.0543E+000; 1.3800E+002; 7.5562E-001; 1.3800E+002; 1.0132E-001;
 1.3900E+002; 1.0132E-001; 1.3900E+002; 6.8135E-001; 1.3900E+002; 1.0006E+000; 1.3900E+002; 1.1318E+000; 1.3900E+002; 1.0499E+000; 1.3900E+002; 7.5171E-001; 1.3900E+002; 1.0132E-001;
 1.4000E+002; 1.0132E-001; 1.4000E+002; 6.7684E-001; 1.4000E+002; 9.9841E-001; 1.4000E+002; 1.1314E+000; 1.4000E+002; 1.0491E+000; 1.4000E+002; 7.5078E-001; 1.4000E+002; 1.0132E-001;
 1.4100E+002; 1.0132E-001; 1.4100E+002; 6.7284E-001; 1.4100E+002; 9.9717E-001; 1.4100E+002; 1.1330E+000; 1.4100E+002; 1.0511E+000; 1.4100E+002; 7.5238E-001; 1.4100E+002; 1.0132E-001;
 1.4200E+002; 1.0132E-001; 1.4200E+002; 6.6933E-001; 1.4200E+002; 9.9673E-001; 1.4200E+002; 1.1362E+000; 1.4200E+002; 1.0556E+000; 1.4200E+002; 7.5613E-001; 1.4200E+002; 1.0132E-001;
 1.4300E+002; 1.0132E-001; 1.4300E+002; 6.6626E-001; 1.4300E+002; 9.9694E-001; 1.4300E+002; 1.1407E+000; 1.4300E+002; 1.0621E+000; 1.4300E+002; 7.6167E-001; 1.4300E+002; 1.0132E-001;
 1.4400E+002; 1.0132E-001; 1.4400E+002; 6.6354E-001; 1.4400E+002; 9.9769E-001; 1.4400E+002; 1.1463E+000; 1.4400E+002; 1.0702E+000; 1.4400E+002; 7.6871E-001; 1.4400E+002; 1.0132E-001;
 1.4500E+002; 1.0132E-001; 1.4500E+002; 6.6122E-001; 1.4500E+002; 9.9886E-001; 1.4500E+002; 1.1526E+000; 1.4500E+002; 1.0797E+000; 1.4500E+002; 7.7700E-001; 1.4500E+002; 1.0132E-001;
 1.4600E+002; 1.0132E-001; 1.4600E+002; 6.5930E-001; 1.4600E+002; 1.0003E+000; 1.4600E+002; 1.1594E+000; 1.4600E+002; 1.0903E+000; 1.4600E+002; 7.8632E-001; 1.4600E+002; 1.0132E-001;
 1.4700E+002; 1.0132E-001; 1.4700E+002; 6.5772E-001; 1.4700E+002; 1.0020E+000; 1.4700E+002; 1.1665E+000; 1.4700E+002; 1.1016E+000; 1.4700E+002; 7.9648E-001; 1.4700E+002; 1.0132E-001;
 1.4800E+002; 1.0132E-001; 1.4800E+002; 6.5645E-001; 1.4800E+002; 1.0039E+000; 1.4800E+002; 1.1739E+000; 1.4800E+002; 1.1136E+000; 1.4800E+002; 8.0732E-001; 1.4800E+002; 1.0132E-001;
 1.4900E+002; 1.0132E-001; 1.4900E+002; 6.5543E-001; 1.4900E+002; 1.0059E+000; 1.4900E+002; 1.1813E+000; 1.4900E+002; 1.1260E+000; 1.4900E+002; 8.1874E-001; 1.4900E+002; 1.0132E-001;
 1.5000E+002; 1.0132E-001; 1.5000E+002; 6.5465E-001; 1.5000E+002; 1.0080E+000; 1.5000E+002; 1.1887E+000; 1.5000E+002; 1.1388E+000; 1.5000E+002; 8.3063E-001; 1.5000E+002; 1.0132E-001;
 1.5100E+002; 1.0132E-001; 1.5100E+002; 6.5406E-001; 1.5100E+002; 1.0101E+000; 1.5100E+002; 1.1960E+000; 1.5100E+002; 1.1517E+000; 1.5100E+002; 8.4291E-001; 1.5100E+002; 1.0132E-001;
 1.5200E+002; 1.0132E-001; 1.5200E+002; 6.5364E-001; 1.5200E+002; 1.0122E+000; 1.5200E+002; 1.2031E+000; 1.5200E+002; 1.1648E+000; 1.5200E+002; 8.5553E-001; 1.5200E+002; 1.0132E-001;
 1.5300E+002; 1.0132E-001; 1.5300E+002; 6.5336E-001; 1.5300E+002; 1.0143E+000; 1.5300E+002; 1.2101E+000; 1.5300E+002; 1.1779E+000; 1.5300E+002; 8.6844E-001; 1.5300E+002; 1.0132E-001;
 1.5400E+002; 1.0132E-001; 1.5400E+002; 6.5319E-001; 1.5400E+002; 1.0165E+000; 1.5400E+002; 1.2169E+000; 1.5400E+002; 1.1910E+000; 1.5400E+002; 8.8159E-001; 1.5400E+002; 1.0132E-001;
 1.5500E+002; 1.0132E-001; 1.5500E+002; 6.5313E-001; 1.5500E+002; 1.0186E+000; 1.5500E+002; 1.2235E+000; 1.5500E+002; 1.2040E+000; 1.5500E+002; 8.9495E-001; 1.5500E+002; 1.0132E-001;
 1.5600E+002; 1.0132E-001; 1.5600E+002; 6.5314E-001; 1.5600E+002; 1.0206E+000; 1.5600E+002; 1.2299E+000; 1.5600E+002; 1.2169E+000; 1.5600E+002; 9.0848E-001; 1.5600E+002; 1.0132E-001;
 1.5700E+002; 1.0132E-001; 1.5700E+002; 6.5321E-001; 1.5700E+002; 1.0226E+000; 1.5700E+002; 1.2360E+000; 1.5700E+002; 1.2296E+000; 1.5700E+002; 9.2218E-001; 1.5700E+002; 1.0132E-001;
 1.5800E+002; 1.0132E-001; 1.5800E+002; 6.5334E-001; 1.5800E+002; 1.0246E+000; 1.5800E+002; 1.2419E+000; 1.5800E+002; 1.2421E+000; 1.5800E+002; 9.3603E-001; 1.5800E+002; 1.0132E-001;
 1.5900E+002; 1.0132E-001; 1.5900E+002; 6.5349E-001; 1.5900E+002; 1.0264E+000; 1.5900E+002; 1.2476E+000; 1.5900E+002; 1.2544E+000; 1.5900E+002; 9.5000E-001; 1.5900E+002; 1.0132E-001;
 1.6000E+002; 1.0132E-001; 1.6000E+002; 6.5367E-001; 1.6000E+002; 1.0283E+000; 1.6000E+002; 1.2531E+000; 1.6000E+002; 1.2664E+000; 1.6000E+002; 9.6409E-001; 1.6000E+002; 1.0132E-001;
 1.6100E+002; 1.0132E-001; 1.6100E+002; 6.5386E-001; 1.6100E+002; 1.0300E+000; 1.6100E+002; 1.2583E+000; 1.6100E+002; 1.2782E+000; 1.6100E+002; 9.7828E-001; 1.6100E+002; 1.0132E-001;
 1.6200E+002; 1.0132E-001; 1.6200E+002; 6.5406E-001; 1.6200E+002; 1.0317E+000; 1.6200E+002; 1.2634E+000; 1.6200E+002; 1.2898E+000; 1.6200E+002; 9.9257E-001; 1.6200E+002; 1.0132E-001;
 1.6300E+002; 1.0132E-001; 1.6300E+002; 6.5426E-001; 1.6300E+002; 1.0334E+000; 1.6300E+002; 1.2682E+000; 1.6300E+002; 1.3011E+000; 1.6300E+002; 1.0069E+000; 1.6300E+002; 1.0132E-001;
 1.6400E+002; 1.0132E-001; 1.6400E+002; 6.5445E-001; 1.6400E+002; 1.0349E+000; 1.6400E+002; 1.2728E+000; 1.6400E+002; 1.3121E+000; 1.6400E+002; 1.0214E+000; 1.6400E+002; 1.0132E-001;
 1.6500E+002; 1.0132E-001; 1.6500E+002; 6.5463E-001; 1.6500E+002; 1.0364E+000; 1.6500E+002; 1.2773E+000; 1.6500E+002; 1.3228E+000; 1.6500E+002; 1.0359E+000; 1.6500E+002; 1.0132E-001;
 1.6600E+002; 1.0132E-001; 1.6600E+002; 6.5480E-001; 1.6600E+002; 1.0378E+000; 1.6600E+002; 1.2815E+000; 1.6600E+002; 1.3332E+000; 1.6600E+002; 1.0504E+000; 1.6600E+002; 1.0132E-001;
 1.6700E+002; 1.0132E-001; 1.6700E+002; 6.5495E-001; 1.6700E+002; 1.0392E+000; 1.6700E+002; 1.2856E+000; 1.6700E+002; 1.3434E+000; 1.6700E+002; 1.0651E+000; 1.6700E+002; 1.0132E-001;
 1.6800E+002; 1.0132E-001; 1.6800E+002; 6.5508E-001; 1.6800E+002; 1.0405E+000; 1.6800E+002; 1.2895E+000; 1.6800E+002; 1.3532E+000; 1.6800E+002; 1.0797E+000; 1.6800E+002; 1.0132E-001;
 1.6900E+002; 1.0132E-001; 1.6900E+002; 6.5519E-001; 1.6900E+002; 1.0417E+000; 1.6900E+002; 1.2933E+000; 1.6900E+002; 1.3628E+000; 1.6900E+002; 1.0943E+000; 1.6900E+002; 1.0132E-001;
 1.7000E+002; 1.0132E-001; 1.7000E+002; 6.5526E-001; 1.7000E+002; 1.0428E+000; 1.7000E+002; 1.2969E+000; 1.7000E+002; 1.3721E+000; 1.7000E+002; 1.1090E+000; 1.7000E+002; 1.0132E-001;
 1.7100E+002; 1.0132E-001; 1.7100E+002; 6.5533E-001; 1.7100E+002; 1.0439E+000; 1.7100E+002; 1.3003E+000; 1.7100E+002; 1.3811E+000; 1.7100E+002; 1.1237E+000; 1.7100E+002; 1.0132E-001;
 1.7200E+002; 1.0132E-001; 1.7200E+002; 6.5535E-001; 1.7200E+002; 1.0449E+000; 1.7200E+002; 1.3036E+000; 1.7200E+002; 1.3899E+000; 1.7200E+002; 1.1383E+000; 1.7200E+002; 1.0132E-001;
 1.7300E+002; 1.0132E-001; 1.7300E+002; 6.5531E-001; 1.7300E+002; 1.0459E+000; 1.7300E+002; 1.3067E+000; 1.7300E+002; 1.3983E+000; 1.7300E+002; 1.1529E+000; 1.7300E+002; 1.0132E-001;
 1.7400E+002; 1.0132E-001; 1.7400E+002; 6.5523E-001; 1.7400E+002; 1.0468E+000; 1.7400E+002; 1.3097E+000; 1.7400E+002; 1.4065E+000; 1.7400E+002; 1.1674E+000; 1.7400E+002; 1.0132E-001;
 1.7500E+002; 1.0132E-001; 1.7500E+002; 6.5511E-001; 1.7500E+002; 1.0476E+000; 1.7500E+002; 1.3126E+000; 1.7500E+002; 1.4144E+000; 1.7500E+002; 1.1819E+000; 1.7500E+002; 1.0132E-001;
 1.7600E+002; 1.0132E-001; 1.7600E+002; 6.5492E-001; 1.7600E+002; 1.0483E+000; 1.7600E+002; 1.3153E+000; 1.7600E+002; 1.4221E+000; 1.7600E+002; 1.1963E+000; 1.7600E+002; 1.0132E-001;
 1.7700E+002; 1.0132E-001; 1.7700E+002; 6.5468E-001; 1.7700E+002; 1.0490E+000; 1.7700E+002; 1.3179E+000; 1.7700E+002; 1.4295E+000; 1.7700E+002; 1.2107E+000; 1.7700E+002; 1.0132E-001;
 1.7800E+002; 1.0132E-001; 1.7800E+002; 6.5439E-001; 1.7800E+002; 1.0496E+000; 1.7800E+002; 1.3204E+000; 1.7800E+002; 1.4366E+000; 1.7800E+002; 1.2249E+000; 1.7800E+002; 1.0132E-001;
 1.7900E+002; 1.0132E-001; 1.7900E+002; 6.5405E-001; 1.7900E+002; 1.0502E+000; 1.7900E+002; 1.3227E+000; 1.7900E+002; 1.4435E+000; 1.7900E+002; 1.2390E+000; 1.7900E+002; 1.0132E-001;
 1.8000E+002; 1.0132E-001; 1.8000E+002; 6.5360E-001; 1.8000E+002; 1.0506E+000; 1.8000E+002; 1.3250E+000; 1.8000E+002; 1.4502E+000; 1.8000E+002; 1.2530E+000; 1.8000E+002; 1.0132E-001;
 1.8100E+002; 1.0132E-001; 1.8100E+002; 6.5279E-001; 1.8100E+002; 1.0510E+000; 1.8100E+002; 1.3270E+000; 1.8100E+002; 1.4566E+000; 1.8100E+002; 1.2668E+000; 1.8100E+002; 1.0132E-001;
 1.8200E+002; 1.0132E-001; 1.8200E+002; 6.5159E-001; 1.8200E+002; 1.0513E+000; 1.8200E+002; 1.3290E+000; 1.8200E+002; 1.4627E+000; 1.8200E+002; 1.2803E+000; 1.8200E+002; 1.0132E-001;
 1.8300E+002; 1.0132E-001; 1.8300E+002; 6.5080E-001; 1.8300E+002; 1.0515E+000; 1.8300E+002; 1.3310E+000; 1.8300E+002; 1.4687E+000; 1.8300E+002; 1.2939E+000; 1.8300E+002; 1.0132E-001;
 1.8400E+002; 1.0132E-001; 1.8400E+002; 6.5024E-001; 1.8400E+002; 1.0516E+000; 1.8400E+002; 1.3328E+000; 1.8400E+002; 1.4745E+000; 1.8400E+002; 1.3073E+000; 1.8400E+002; 1.0132E-001;
 1.8500E+002; 1.0132E-001; 1.8500E+002; 6.4980E-001; 1.8500E+002; 1.0518E+000; 1.8500E+002; 1.3345E+000; 1.8500E+002; 1.4802E+000; 1.8500E+002; 1.3206E+000; 1.8500E+002; 1.0132E-001;
 1.8600E+002; 1.0132E-001; 1.8600E+002; 6.4939E-001; 1.8600E+002; 1.0519E+000; 1.8600E+002; 1.3361E+000; 1.8600E+002; 1.4855E+000; 1.8600E+002; 1.3336E+000; 1.8600E+002; 1.0132E-001;
 1.8700E+002; 1.0132E-001; 1.8700E+002; 6.4904E-001; 1.8700E+002; 1.0520E+000; 1.8700E+002; 1.3376E+000; 1.8700E+002; 1.4907E+000; 1.8700E+002; 1.3464E+000; 1.8700E+002; 1.0132E-001;
 1.8800E+002; 1.0132E-001; 1.8800E+002; 6.4868E-001; 1.8800E+002; 1.0520E+000; 1.8800E+002; 1.3389E+000; 1.8800E+002; 1.4956E+000; 1.8800E+002; 1.3590E+000; 1.8800E+002; 1.0132E-001;
 1.8900E+002; 1.0132E-001; 1.8900E+002; 6.4833E-001; 1.8900E+002; 1.0520E+000; 1.8900E+002; 1.3402E+000; 1.8900E+002; 1.5002E+000; 1.8900E+002; 1.3713E+000; 1.8900E+002; 1.0132E-001;
 1.9000E+002; 1.0132E-001; 1.9000E+002; 6.4798E-001; 1.9000E+002; 1.0520E+000; 1.9000E+002; 1.3414E+000; 1.9000E+002; 1.5047E+000; 1.9000E+002; 1.3834E+000; 1.9000E+002; 1.0132E-001;
 1.9100E+002; 1.0132E-001; 1.9100E+002; 6.4760E-001; 1.9100E+002; 1.0520E+000; 1.9100E+002; 1.3425E+000; 1.9100E+002; 1.5089E+000; 1.9100E+002; 1.3952E+000; 1.9100E+002; 1.0132E-001;
 1.9200E+002; 1.0132E-001; 1.9200E+002; 6.4722E-001; 1.9200E+002; 1.0519E+000; 1.9200E+002; 1.3434E+000; 1.9200E+002; 1.5130E+000; 1.9200E+002; 1.4067E+000; 1.9200E+002; 1.0132E-001;
 1.9300E+002; 1.0132E-001; 1.9300E+002; 6.4680E-001; 1.9300E+002; 1.0518E+000; 1.9300E+002; 1.3443E+000; 1.9300E+002; 1.5168E+000; 1.9300E+002; 1.4179E+000; 1.9300E+002; 1.0132E-001;
 1.9400E+002; 1.0132E-001; 1.9400E+002; 6.4636E-001; 1.9400E+002; 1.0516E+000; 1.9400E+002; 1.3451E+000; 1.9400E+002; 1.5204E+000; 1.9400E+002; 1.4288E+000; 1.9400E+002; 1.0132E-001;
 1.9500E+002; 1.0132E-001; 1.9500E+002; 6.4590E-001; 1.9500E+002; 1.0514E+000; 1.9500E+002; 1.3458E+000; 1.9500E+002; 1.5239E+000; 1.9500E+002; 1.4395E+000; 1.9500E+002; 1.0132E-001;
 1.9600E+002; 1.0132E-001; 1.9600E+002; 6.4543E-001; 1.9600E+002; 1.0511E+000; 1.9600E+002; 1.3464E+000; 1.9600E+002; 1.5271E+000; 1.9600E+002; 1.4499E+000; 1.9600E+002; 1.0132E-001;
 1.9700E+002; 1.0132E-001; 1.9700E+002; 6.4493E-001; 1.9700E+002; 1.0508E+000; 1.9700E+002; 1.3470E+000; 1.9700E+002; 1.5302E+000; 1.9700E+002; 1.4599E+000; 1.9700E+002; 1.0132E-001;
 1.9800E+002; 1.0132E-001; 1.9800E+002; 6.4441E-001; 1.9800E+002; 1.0504E+000; 1.9800E+002; 1.3474E+000; 1.9800E+002; 1.5331E+000; 1.9800E+002; 1.4697E+000; 1.9800E+002; 1.0132E-001;
 1.9900E+002; 1.0132E-001; 1.9900E+002; 6.4385E-001; 1.9900E+002; 1.0500E+000; 1.9900E+002; 1.3478E+000; 1.9900E+002; 1.5358E+000; 1.9900E+002; 1.4792E+000; 1.9900E+002; 1.0132E-001;
 2.0000E+002; 1.0132E-001; 2.0000E+002; 6.4325E-001; 2.0000E+002; 1.0495E+000; 2.0000E+002; 1.3480E+000; 2.0000E+002; 1.5384E+000; 2.0000E+002; 1.4885E+000; 2.0000E+002; 1.0132E-001;
 2.0100E+002; 1.0132E-001; 2.0100E+002; 6.4261E-001; 2.0100E+002; 1.0490E+000; 2.0100E+002; 1.3482E+000; 2.0100E+002; 1.5408E+000; 2.0100E+002; 1.4974E+000; 2.0100E+002; 1.0132E-001;
 2.0200E+002; 1.0132E-001; 2.0200E+002; 6.4196E-001; 2.0200E+002; 1.0485E+000; 2.0200E+002; 1.3483E+000; 2.0200E+002; 1.5430E+000; 2.0200E+002; 1.5060E+000; 2.0200E+002; 1.0132E-001;
 2.0300E+002; 1.0132E-001; 2.0300E+002; 6.4127E-001; 2.0300E+002; 1.0479E+000; 2.0300E+002; 1.3484E+000; 2.0300E+002; 1.5451E+000; 2.0300E+002; 1.5144E+000; 2.0300E+002; 1.0132E-001;
 2.0400E+002; 1.0132E-001; 2.0400E+002; 6.4056E-001; 2.0400E+002; 1.0472E+000; 2.0400E+002; 1.3483E+000; 2.0400E+002; 1.5471E+000; 2.0400E+002; 1.5225E+000; 2.0400E+002; 1.0132E-001;
 2.0500E+002; 1.0132E-001; 2.0500E+002; 6.3981E-001; 2.0500E+002; 1.0465E+000; 2.0500E+002; 1.3482E+000; 2.0500E+002; 1.5489E+000; 2.0500E+002; 1.5303E+000; 2.0500E+002; 1.0132E-001;
 2.0600E+002; 1.0132E-001; 2.0600E+002; 6.3904E-001; 2.0600E+002; 1.0457E+000; 2.0600E+002; 1.3480E+000; 2.0600E+002; 1.5506E+000; 2.0600E+002; 1.5379E+000; 2.0600E+002; 1.0132E-001;
 2.0700E+002; 1.0132E-001; 2.0700E+002; 6.3823E-001; 2.0700E+002; 1.0449E+000; 2.0700E+002; 1.3478E+000; 2.0700E+002; 1.5521E+000; 2.0700E+002; 1.5451E+000; 2.0700E+002; 1.0132E-001;
 2.0800E+002; 1.0132E-001; 2.0800E+002; 6.3738E-001; 2.0800E+002; 1.0441E+000; 2.0800E+002; 1.3474E+000; 2.0800E+002; 1.5535E+000; 2.0800E+002; 1.5521E+000; 2.0800E+002; 1.0132E-001;
 2.0900E+002; 1.0132E-001; 2.0900E+002; 6.3651E-001; 2.0900E+002; 1.0432E+000; 2.0900E+002; 1.3470E+000; 2.0900E+002; 1.5547E+000; 2.0900E+002; 1.5589E+000; 2.0900E+002; 1.0132E-001;
 2.1000E+002; 1.0132E-001; 2.1000E+002; 6.3559E-001; 2.1000E+002; 1.0422E+000; 2.1000E+002; 1.3465E+000; 2.1000E+002; 1.5559E+000; 2.1000E+002; 1.5654E+000; 2.1000E+002; 1.0132E-001;
 2.1100E+002; 1.0132E-001; 2.1100E+002; 6.3466E-001; 2.1100E+002; 1.0412E+000; 2.1100E+002; 1.3460E+000; 2.1100E+002; 1.5569E+000; 2.1100E+002; 1.5716E+000; 2.1100E+002; 1.0132E-001;
 2.1200E+002; 1.0132E-001; 2.1200E+002; 6.3365E-001; 2.1200E+002; 1.0402E+000; 2.1200E+002; 1.3453E+000; 2.1200E+002; 1.5577E+000; 2.1200E+002; 1.5775E+000; 2.1200E+002; 1.0132E-001;
 2.1300E+002; 1.0132E-001; 2.1300E+002; 6.3260E-001; 2.1300E+002; 1.0390E+000; 2.1300E+002; 1.3446E+000; 2.1300E+002; 1.5585E+000; 2.1300E+002; 1.5833E+000; 2.1300E+002; 1.0132E-001;
 2.1400E+002; 1.0132E-001; 2.1400E+002; 6.3152E-001; 2.1400E+002; 1.0379E+000; 2.1400E+002; 1.3438E+000; 2.1400E+002; 1.5591E+000; 2.1400E+002; 1.5888E+000; 2.1400E+002; 1.0132E-001;
 2.1500E+002; 1.0132E-001; 2.1500E+002; 6.3040E-001; 2.1500E+002; 1.0366E+000; 2.1500E+002; 1.3430E+000; 2.1500E+002; 1.5597E+000; 2.1500E+002; 1.5940E+000; 2.1500E+002; 1.0132E-001;
 2.1600E+002; 1.0132E-001; 2.1600E+002; 6.2920E-001; 2.1600E+002; 1.0354E+000; 2.1600E+002; 1.3421E+000; 2.1600E+002; 1.5601E+000; 2.1600E+002; 1.5990E+000; 2.1600E+002; 1.0132E-001;
 2.1700E+002; 1.0132E-001; 2.1700E+002; 6.2794E-001; 2.1700E+002; 1.0340E+000; 2.1700E+002; 1.3411E+000; 2.1700E+002; 1.5604E+000; 2.1700E+002; 1.6038E+000; 2.1700E+002; 1.0132E-001;
 2.1800E+002; 1.0132E-001; 2.1800E+002; 6.2661E-001; 2.1800E+002; 1.0326E+000; 2.1800E+002; 1.3401E+000; 2.1800E+002; 1.5606E+000; 2.1800E+002; 1.6083E+000; 2.1800E+002; 1.0132E-001;
 2.1900E+002; 1.0132E-001; 2.1900E+002; 6.2516E-001; 2.1900E+002; 1.0311E+000; 2.1900E+002; 1.3389E+000; 2.1900E+002; 1.5606E+000; 2.1900E+002; 1.6127E+000; 2.1900E+002; 1.0132E-001;
 2.2000E+002; 1.0132E-001; 2.2000E+002; 6.2354E-001; 2.2000E+002; 1.0296E+000; 2.2000E+002; 1.3377E+000; 2.2000E+002; 1.5606E+000; 2.2000E+002; 1.6168E+000; 2.2000E+002; 1.0132E-001;
 2.2100E+002; 1.0132E-001; 2.2100E+002; 6.2103E-001; 2.2100E+002; 1.0280E+000; 2.2100E+002; 1.3365E+000; 2.2100E+002; 1.5604E+000; 2.2100E+002; 1.6206E+000; 2.2100E+002; 1.0132E-001;
 2.2200E+002; 1.0132E-001; 2.2200E+002; 6.1833E-001; 2.2200E+002; 1.0260E+000; 2.2200E+002; 1.3351E+000; 2.2200E+002; 1.5601E+000; 2.2200E+002; 1.6242E+000; 2.2200E+002; 1.0132E-001;
 2.2300E+002; 1.0132E-001; 2.2300E+002; 6.1632E-001; 2.2300E+002; 1.0239E+000; 2.2300E+002; 1.3336E+000; 2.2300E+002; 1.5598E+000; 2.2300E+002; 1.6277E+000; 2.2300E+002; 1.0132E-001;
 2.2400E+002; 1.0132E-001; 2.2400E+002; 6.1464E-001; 2.2400E+002; 1.0220E+000; 2.2400E+002; 1.3321E+000; 2.2400E+002; 1.5595E+000; 2.2400E+002; 1.6311E+000; 2.2400E+002; 1.0132E-001;
 2.2500E+002; 1.0132E-001; 2.2500E+002; 6.1314E-001; 2.2500E+002; 1.0200E+000; 2.2500E+002; 1.3306E+000; 2.2500E+002; 1.5591E+000; 2.2500E+002; 1.6344E+000; 2.2500E+002; 1.0132E-001;
 2.2600E+002; 1.0132E-001; 2.2600E+002; 6.1175E-001; 2.2600E+002; 1.0182E+000; 2.2600E+002; 1.3289E+000; 2.2600E+002; 1.5586E+000; 2.2600E+002; 1.6375E+000; 2.2600E+002; 1.0132E-001;
 2.2700E+002; 1.0132E-001; 2.2700E+002; 6.1041E-001; 2.2700E+002; 1.0163E+000; 2.2700E+002; 1.3273E+000; 2.2700E+002; 1.5580E+000; 2.2700E+002; 1.6404E+000; 2.2700E+002; 1.0132E-001;
 2.2800E+002; 1.0132E-001; 2.2800E+002; 6.0912E-001; 2.2800E+002; 1.0145E+000; 2.2800E+002; 1.3256E+000; 2.2800E+002; 1.5573E+000; 2.2800E+002; 1.6432E+000; 2.2800E+002; 1.0132E-001;
 2.2900E+002; 1.0132E-001; 2.2900E+002; 6.0784E-001; 2.2900E+002; 1.0127E+000; 2.2900E+002; 1.3239E+000; 2.2900E+002; 1.5565E+000; 2.2900E+002; 1.6457E+000; 2.2900E+002; 1.0132E-001;
 2.3000E+002; 1.0132E-001; 2.3000E+002; 6.0657E-001; 2.3000E+002; 1.0109E+000; 2.3000E+002; 1.3222E+000; 2.3000E+002; 1.5556E+000; 2.3000E+002; 1.6481E+000; 2.3000E+002; 1.0132E-001;
 2.3100E+002; 1.0132E-001; 2.3100E+002; 6.0530E-001; 2.3100E+002; 1.0091E+000; 2.3100E+002; 1.3204E+000; 2.3100E+002; 1.5546E+000; 2.3100E+002; 1.6503E+000; 2.3100E+002; 1.0132E-001;
 2.3200E+002; 1.0132E-001; 2.3200E+002; 6.0403E-001; 2.3200E+002; 1.0072E+000; 2.3200E+002; 1.3186E+000; 2.3200E+002; 1.5536E+000; 2.3200E+002; 1.6524E+000; 2.3200E+002; 1.0132E-001;
 2.3300E+002; 1.0132E-001; 2.3300E+002; 6.0275E-001; 2.3300E+002; 1.0054E+000; 2.3300E+002; 1.3167E+000; 2.3300E+002; 1.5525E+000; 2.3300E+002; 1.6542E+000; 2.3300E+002; 1.0132E-001;
 2.3400E+002; 1.0132E-001; 2.3400E+002; 6.0145E-001; 2.3400E+002; 1.0035E+000; 2.3400E+002; 1.3148E+000; 2.3400E+002; 1.5513E+000; 2.3400E+002; 1.6560E+000; 2.3400E+002; 1.0132E-001;
 2.3500E+002; 1.0132E-001; 2.3500E+002; 6.0015E-001; 2.3500E+002; 1.0016E+000; 2.3500E+002; 1.3129E+000; 2.3500E+002; 1.5501E+000; 2.3500E+002; 1.6575E+000; 2.3500E+002; 1.0132E-001;
 2.3600E+002; 1.0132E-001; 2.3600E+002; 5.9883E-001; 2.3600E+002; 9.9968E-001; 2.3600E+002; 1.3109E+000; 2.3600E+002; 1.5488E+000; 2.3600E+002; 1.6590E+000; 2.3600E+002; 1.0132E-001;
 2.3700E+002; 1.0132E-001; 2.3700E+002; 5.9749E-001; 2.3700E+002; 9.9774E-001; 2.3700E+002; 1.3089E+000; 2.3700E+002; 1.5474E+000; 2.3700E+002; 1.6602E+000; 2.3700E+002; 1.0132E-001;
 2.3800E+002; 1.0132E-001; 2.3800E+002; 5.9614E-001; 2.3800E+002; 9.9577E-001; 2.3800E+002; 1.3069E+000; 2.3800E+002; 1.5460E+000; 2.3800E+002; 1.6614E+000; 2.3800E+002; 1.0132E-001;
 2.3900E+002; 1.0132E-001; 2.3900E+002; 5.9477E-001; 2.3900E+002; 9.9378E-001; 2.3900E+002; 1.3049E+000; 2.3900E+002; 1.5445E+000; 2.3900E+002; 1.6624E+000; 2.3900E+002; 1.0132E-001;
 2.4000E+002; 1.0132E-001; 2.4000E+002; 5.9338E-001; 2.4000E+002; 9.9176E-001; 2.4000E+002; 1.3028E+000; 2.4000E+002; 1.5430E+000; 2.4000E+002; 1.6633E+000; 2.4000E+002; 1.0132E-001;
