Time(min)   ;HR_00mm     ;Time(min)   ;HR_10mm     ;Time(min)   ;HR_20mm     ;Time(min)   ;HR_30mm     ;Time(min)   ;HR_40mm     ;Time(min)   ;HR_50mm     ;Time(min)   ;HR_120mm    ;
 0.0000E+000; 4.9871E-001; 0.0000E+000; 4.7977E-001; 0.0000E+000; 4.6533E-001; 0.0000E+000; 4.5461E-001; 0.0000E+000; 4.4719E-001; 0.0000E+000; 4.4281E-001; 0.0000E+000; 4.9871E-001;
 1.0000E+000; 2.1913E-001; 1.0000E+000; 4.5684E-001; 1.0000E+000; 4.6332E-001; 1.0000E+000; 4.5444E-001; 1.0000E+000; 4.4717E-001; 1.0000E+000; 4.4281E-001; 1.0000E+000; 4.4167E-001;
 2.0000E+000; 1.0218E-001; 2.0000E+000; 4.4711E-001; 2.0000E+000; 4.6616E-001; 2.0000E+000; 4.5490E-001; 2.0000E+000; 4.4721E-001; 2.0000E+000; 4.4281E-001; 2.0000E+000; 3.9980E-001;
 3.0000E+000; 7.2446E-002; 3.0000E+000; 4.5893E-001; 3.0000E+000; 4.7367E-001; 3.0000E+000; 4.5694E-001; 3.0000E+000; 4.4756E-001; 3.0000E+000; 4.4285E-001; 3.0000E+000; 3.6761E-001;
 4.0000E+000; 5.7490E-002; 4.0000E+000; 4.8105E-001; 4.0000E+000; 4.8321E-001; 4.0000E+000; 4.6037E-001; 4.0000E+000; 4.4848E-001; 4.0000E+000; 4.4303E-001; 4.0000E+000; 3.4298E-001;
 5.0000E+000; 4.6312E-002; 5.0000E+000; 5.0459E-001; 5.0000E+000; 4.9310E-001; 5.0000E+000; 4.6480E-001; 5.0000E+000; 4.5003E-001; 5.0000E+000; 4.4346E-001; 5.0000E+000; 3.2408E-001;
 6.0000E+000; 3.7280E-002; 6.0000E+000; 5.2693E-001; 6.0000E+000; 5.0275E-001; 6.0000E+000; 4.6988E-001; 6.0000E+000; 4.5215E-001; 6.0000E+000; 4.4418E-001; 6.0000E+000; 3.0950E-001;
 7.0000E+000; 3.0014E-002; 7.0000E+000; 5.4751E-001; 7.0000E+000; 5.1199E-001; 7.0000E+000; 4.7535E-001; 7.0000E+000; 4.5477E-001; 7.0000E+000; 4.4522E-001; 7.0000E+000; 2.9815E-001;
 8.0000E+000; 2.4223E-002; 8.0000E+000; 5.6632E-001; 8.0000E+000; 5.2078E-001; 8.0000E+000; 4.8099E-001; 8.0000E+000; 4.5779E-001; 8.0000E+000; 4.4656E-001; 8.0000E+000; 2.8923E-001;
 9.0000E+000; 1.9675E-002; 9.0000E+000; 5.8386E-001; 9.0000E+000; 5.2919E-001; 9.0000E+000; 4.8666E-001; 9.0000E+000; 4.6117E-001; 9.0000E+000; 4.4819E-001; 9.0000E+000; 2.8216E-001;
 1.0000E+001; 1.6062E-002; 1.0000E+001; 6.0044E-001; 1.0000E+001; 5.3724E-001; 1.0000E+001; 4.9230E-001; 1.0000E+001; 4.6484E-001; 1.0000E+001; 4.5008E-001; 1.0000E+001; 2.7651E-001;
 1.1000E+001; 1.3141E-002; 1.1000E+001; 6.1583E-001; 1.1000E+001; 5.4495E-001; 1.1000E+001; 4.9789E-001; 1.1000E+001; 4.6869E-001; 1.1000E+001; 4.5220E-001; 1.1000E+001; 2.7196E-001;
 1.2000E+001; 1.0779E-002; 1.2000E+001; 6.3013E-001; 1.2000E+001; 5.5233E-001; 1.2000E+001; 5.0341E-001; 1.2000E+001; 4.7262E-001; 1.2000E+001; 4.5457E-001; 1.2000E+001; 2.6825E-001;
 1.3000E+001; 8.8727E-003; 1.3000E+001; 6.4350E-001; 1.3000E+001; 5.5942E-001; 1.3000E+001; 5.0885E-001; 1.3000E+001; 4.7657E-001; 1.3000E+001; 4.5718E-001; 1.3000E+001; 2.6521E-001;
 1.4000E+001; 7.3322E-003; 1.4000E+001; 6.5611E-001; 1.4000E+001; 5.6623E-001; 1.4000E+001; 5.1422E-001; 1.4000E+001; 4.8053E-001; 1.4000E+001; 4.5996E-001; 1.4000E+001; 2.6269E-001;
 1.5000E+001; 6.0851E-003; 1.5000E+001; 6.6810E-001; 1.5000E+001; 5.7278E-001; 1.5000E+001; 5.1950E-001; 1.5000E+001; 4.8451E-001; 1.5000E+001; 4.6282E-001; 1.5000E+001; 2.6056E-001;
 1.6000E+001; 5.0729E-003; 1.6000E+001; 6.7960E-001; 1.6000E+001; 5.7909E-001; 1.6000E+001; 5.2471E-001; 1.6000E+001; 4.8850E-001; 1.6000E+001; 4.6571E-001; 1.6000E+001; 2.5875E-001;
 1.7000E+001; 4.2490E-003; 1.7000E+001; 6.9069E-001; 1.7000E+001; 5.8516E-001; 1.7000E+001; 5.2982E-001; 1.7000E+001; 4.9249E-001; 1.7000E+001; 4.6861E-001; 1.7000E+001; 2.5716E-001;
 1.8000E+001; 3.5766E-003; 1.8000E+001; 7.0145E-001; 1.8000E+001; 5.9102E-001; 1.8000E+001; 5.3486E-001; 1.8000E+001; 4.9647E-001; 1.8000E+001; 4.7154E-001; 1.8000E+001; 2.5575E-001;
 1.9000E+001; 3.0265E-003; 1.9000E+001; 7.1194E-001; 1.9000E+001; 5.9670E-001; 1.9000E+001; 5.3980E-001; 1.9000E+001; 5.0045E-001; 1.9000E+001; 4.7451E-001; 1.9000E+001; 2.5444E-001;
 2.0000E+001; 2.5762E-003; 2.0000E+001; 7.2220E-001; 2.0000E+001; 6.0221E-001; 2.0000E+001; 5.4466E-001; 2.0000E+001; 5.0441E-001; 2.0000E+001; 4.7749E-001; 2.0000E+001; 2.5320E-001;
 2.1000E+001; 2.2082E-003; 2.1000E+001; 7.3231E-001; 2.1000E+001; 6.0760E-001; 2.1000E+001; 5.4944E-001; 2.1000E+001; 5.0836E-001; 2.1000E+001; 4.8051E-001; 2.1000E+001; 2.5199E-001;
 2.2000E+001; 1.9092E-003; 2.2000E+001; 7.4234E-001; 2.2000E+001; 6.1292E-001; 2.2000E+001; 5.5413E-001; 2.2000E+001; 5.1228E-001; 2.2000E+001; 4.8354E-001; 2.2000E+001; 2.5076E-001;
 2.3000E+001; 1.6694E-003; 2.3000E+001; 7.5237E-001; 2.3000E+001; 6.1825E-001; 2.3000E+001; 5.5873E-001; 2.3000E+001; 5.1617E-001; 2.3000E+001; 4.8659E-001; 2.3000E+001; 2.4949E-001;
 2.4000E+001; 1.4810E-003; 2.4000E+001; 7.6241E-001; 2.4000E+001; 6.2363E-001; 2.4000E+001; 5.6326E-001; 2.4000E+001; 5.2003E-001; 2.4000E+001; 4.8965E-001; 2.4000E+001; 2.4814E-001;
 2.5000E+001; 1.3360E-003; 2.5000E+001; 7.7231E-001; 2.5000E+001; 6.2908E-001; 2.5000E+001; 5.6770E-001; 2.5000E+001; 5.2386E-001; 2.5000E+001; 4.9272E-001; 2.5000E+001; 2.4671E-001;
 2.6000E+001; 1.2250E-003; 2.6000E+001; 7.8159E-001; 2.6000E+001; 6.3456E-001; 2.6000E+001; 5.7206E-001; 2.6000E+001; 5.2764E-001; 2.6000E+001; 4.9579E-001; 2.6000E+001; 2.4515E-001;
 2.7000E+001; 1.1376E-003; 2.7000E+001; 7.8955E-001; 2.7000E+001; 6.3998E-001; 2.7000E+001; 5.7635E-001; 2.7000E+001; 5.3138E-001; 2.7000E+001; 4.9886E-001; 2.7000E+001; 2.4346E-001;
 2.8000E+001; 1.0652E-003; 2.8000E+001; 7.9543E-001; 2.8000E+001; 6.4519E-001; 2.8000E+001; 5.8061E-001; 2.8000E+001; 5.3509E-001; 2.8000E+001; 5.0192E-001; 2.8000E+001; 2.4163E-001;
 2.9000E+001; 1.0031E-003; 2.9000E+001; 7.9879E-001; 2.9000E+001; 6.5014E-001; 2.9000E+001; 5.8488E-001; 2.9000E+001; 5.3876E-001; 2.9000E+001; 5.0498E-001; 2.9000E+001; 2.3963E-001;
 3.0000E+001; 9.4862E-004; 3.0000E+001; 7.9955E-001; 3.0000E+001; 6.5484E-001; 3.0000E+001; 5.8917E-001; 3.0000E+001; 5.4241E-001; 3.0000E+001; 5.0803E-001; 3.0000E+001; 2.3746E-001;
 3.1000E+001; 9.0004E-004; 3.1000E+001; 7.9785E-001; 3.1000E+001; 6.5932E-001; 3.1000E+001; 5.9350E-001; 3.1000E+001; 5.4603E-001; 3.1000E+001; 5.1107E-001; 3.1000E+001; 2.3512E-001;
 3.2000E+001; 8.5587E-004; 3.2000E+001; 7.9388E-001; 3.2000E+001; 6.6364E-001; 3.2000E+001; 5.9786E-001; 3.2000E+001; 5.4963E-001; 3.2000E+001; 5.1410E-001; 3.2000E+001; 2.3260E-001;
 3.3000E+001; 8.1498E-004; 3.3000E+001; 7.8775E-001; 3.3000E+001; 6.6784E-001; 3.3000E+001; 6.0223E-001; 3.3000E+001; 5.5321E-001; 3.3000E+001; 5.1712E-001; 3.3000E+001; 2.2990E-001;
 3.4000E+001; 7.7658E-004; 3.4000E+001; 7.7941E-001; 3.4000E+001; 6.7196E-001; 3.4000E+001; 6.0660E-001; 3.4000E+001; 5.5678E-001; 3.4000E+001; 5.2012E-001; 3.4000E+001; 2.2702E-001;
 3.5000E+001; 7.4025E-004; 3.5000E+001; 7.6863E-001; 3.5000E+001; 6.7600E-001; 3.5000E+001; 6.1095E-001; 3.5000E+001; 5.6032E-001; 3.5000E+001; 5.2311E-001; 3.5000E+001; 2.2397E-001;
 3.6000E+001; 7.0574E-004; 3.6000E+001; 7.5503E-001; 3.6000E+001; 6.7996E-001; 3.6000E+001; 6.1527E-001; 3.6000E+001; 5.6384E-001; 3.6000E+001; 5.2609E-001; 3.6000E+001; 2.2076E-001;
 3.7000E+001; 6.7303E-004; 3.7000E+001; 7.3809E-001; 3.7000E+001; 6.8385E-001; 3.7000E+001; 6.1954E-001; 3.7000E+001; 5.6734E-001; 3.7000E+001; 5.2906E-001; 3.7000E+001; 2.1738E-001;
 3.8000E+001; 6.4213E-004; 3.8000E+001; 7.1723E-001; 3.8000E+001; 6.8766E-001; 3.8000E+001; 6.2376E-001; 3.8000E+001; 5.7081E-001; 3.8000E+001; 5.3201E-001; 3.8000E+001; 2.1387E-001;
 3.9000E+001; 6.1311E-004; 3.9000E+001; 6.9198E-001; 3.9000E+001; 6.9144E-001; 3.9000E+001; 6.2793E-001; 3.9000E+001; 5.7425E-001; 3.9000E+001; 5.3495E-001; 3.9000E+001; 2.1022E-001;
 4.0000E+001; 5.8593E-004; 4.0000E+001; 6.6220E-001; 4.0000E+001; 6.9523E-001; 4.0000E+001; 6.3203E-001; 4.0000E+001; 5.7767E-001; 4.0000E+001; 5.3788E-001; 4.0000E+001; 2.0644E-001;
 4.1000E+001; 5.6047E-004; 4.1000E+001; 6.2837E-001; 4.1000E+001; 6.9910E-001; 4.1000E+001; 6.3606E-001; 4.1000E+001; 5.8108E-001; 4.1000E+001; 5.4080E-001; 4.1000E+001; 2.0256E-001;
 4.2000E+001; 5.3648E-004; 4.2000E+001; 5.9165E-001; 4.2000E+001; 7.0315E-001; 4.2000E+001; 6.4003E-001; 4.2000E+001; 5.8448E-001; 4.2000E+001; 5.4371E-001; 4.2000E+001; 1.9858E-001;
 4.3000E+001; 5.1373E-004; 4.3000E+001; 5.5360E-001; 4.3000E+001; 7.0743E-001; 4.3000E+001; 6.4394E-001; 4.3000E+001; 5.8786E-001; 4.3000E+001; 5.4660E-001; 4.3000E+001; 1.9452E-001;
 4.4000E+001; 4.9213E-004; 4.4000E+001; 5.1577E-001; 4.4000E+001; 7.1197E-001; 4.4000E+001; 6.4778E-001; 4.4000E+001; 5.9123E-001; 4.4000E+001; 5.4949E-001; 4.4000E+001; 1.9039E-001;
 4.5000E+001; 4.7172E-004; 4.5000E+001; 4.7930E-001; 4.5000E+001; 7.1674E-001; 4.5000E+001; 6.5154E-001; 4.5000E+001; 5.9458E-001; 4.5000E+001; 5.5236E-001; 4.5000E+001; 1.8621E-001;
 4.6000E+001; 4.5257E-004; 4.6000E+001; 4.4488E-001; 4.6000E+001; 7.2168E-001; 4.6000E+001; 6.5522E-001; 4.6000E+001; 5.9791E-001; 4.6000E+001; 5.5521E-001; 4.6000E+001; 1.8199E-001;
 4.7000E+001; 4.3470E-004; 4.7000E+001; 4.1279E-001; 4.7000E+001; 7.2670E-001; 4.7000E+001; 6.5881E-001; 4.7000E+001; 6.0122E-001; 4.7000E+001; 5.5805E-001; 4.7000E+001; 1.7774E-001;
 4.8000E+001; 4.1804E-004; 4.8000E+001; 3.8309E-001; 4.8000E+001; 7.3172E-001; 4.8000E+001; 6.6230E-001; 4.8000E+001; 6.0451E-001; 4.8000E+001; 5.6086E-001; 4.8000E+001; 1.7349E-001;
 4.9000E+001; 4.0251E-004; 4.9000E+001; 3.5573E-001; 4.9000E+001; 7.3662E-001; 4.9000E+001; 6.6568E-001; 4.9000E+001; 6.0778E-001; 4.9000E+001; 5.6365E-001; 4.9000E+001; 1.6922E-001;
 5.0000E+001; 3.8799E-004; 5.0000E+001; 3.3061E-001; 5.0000E+001; 7.4129E-001; 5.0000E+001; 6.6894E-001; 5.0000E+001; 6.1103E-001; 5.0000E+001; 5.6642E-001; 5.0000E+001; 1.6497E-001;
 5.1000E+001; 3.7437E-004; 5.1000E+001; 3.0758E-001; 5.1000E+001; 7.4556E-001; 5.1000E+001; 6.7208E-001; 5.1000E+001; 6.1425E-001; 5.1000E+001; 5.6917E-001; 5.1000E+001; 1.6073E-001;
 5.2000E+001; 3.6158E-004; 5.2000E+001; 2.8646E-001; 5.2000E+001; 7.4925E-001; 5.2000E+001; 6.7509E-001; 5.2000E+001; 6.1744E-001; 5.2000E+001; 5.7189E-001; 5.2000E+001; 1.5653E-001;
 5.3000E+001; 3.4952E-004; 5.3000E+001; 2.6704E-001; 5.3000E+001; 7.5214E-001; 5.3000E+001; 6.7797E-001; 5.3000E+001; 6.2060E-001; 5.3000E+001; 5.7460E-001; 5.3000E+001; 1.5236E-001;
 5.4000E+001; 3.3810E-004; 5.4000E+001; 2.4913E-001; 5.4000E+001; 7.5399E-001; 5.4000E+001; 6.8070E-001; 5.4000E+001; 6.2371E-001; 5.4000E+001; 5.7729E-001; 5.4000E+001; 1.4823E-001;
 5.5000E+001; 3.2723E-004; 5.5000E+001; 2.3251E-001; 5.5000E+001; 7.5455E-001; 5.5000E+001; 6.8329E-001; 5.5000E+001; 6.2678E-001; 5.5000E+001; 5.7998E-001; 5.5000E+001; 1.4416E-001;
 5.6000E+001; 3.1682E-004; 5.6000E+001; 2.1705E-001; 5.6000E+001; 7.5359E-001; 5.6000E+001; 6.8574E-001; 5.6000E+001; 6.2981E-001; 5.6000E+001; 5.8266E-001; 5.6000E+001; 1.4014E-001;
 5.7000E+001; 3.0683E-004; 5.7000E+001; 2.0266E-001; 5.7000E+001; 7.5095E-001; 5.7000E+001; 6.8808E-001; 5.7000E+001; 6.3279E-001; 5.7000E+001; 5.8534E-001; 5.7000E+001; 1.3619E-001;
 5.8000E+001; 2.9722E-004; 5.8000E+001; 1.8932E-001; 5.8000E+001; 7.4646E-001; 5.8000E+001; 6.9030E-001; 5.8000E+001; 6.3572E-001; 5.8000E+001; 5.8800E-001; 5.8000E+001; 1.3231E-001;
 5.9000E+001; 2.8800E-004; 5.9000E+001; 1.7700E-001; 5.9000E+001; 7.4002E-001; 5.9000E+001; 6.9244E-001; 5.9000E+001; 6.3861E-001; 5.9000E+001; 5.9065E-001; 5.9000E+001; 1.2850E-001;
 6.0000E+001; 2.7918E-004; 6.0000E+001; 1.6567E-001; 6.0000E+001; 7.3156E-001; 6.0000E+001; 6.9451E-001; 6.0000E+001; 6.4146E-001; 6.0000E+001; 5.9330E-001; 6.0000E+001; 1.2477E-001;
 6.1000E+001; 2.7077E-004; 6.1000E+001; 1.5530E-001; 6.1000E+001; 7.2100E-001; 6.1000E+001; 6.9654E-001; 6.1000E+001; 6.4427E-001; 6.1000E+001; 5.9594E-001; 6.1000E+001; 1.2111E-001;
 6.2000E+001; 2.6278E-004; 6.2000E+001; 1.4584E-001; 6.2000E+001; 7.0832E-001; 6.2000E+001; 6.9854E-001; 6.2000E+001; 6.4703E-001; 6.2000E+001; 5.9857E-001; 6.2000E+001; 1.1754E-001;
 6.3000E+001; 2.5518E-004; 6.3000E+001; 1.3720E-001; 6.3000E+001; 6.9354E-001; 6.3000E+001; 7.0054E-001; 6.3000E+001; 6.4975E-001; 6.3000E+001; 6.0119E-001; 6.3000E+001; 1.1406E-001;
 6.4000E+001; 2.4797E-004; 6.4000E+001; 1.2931E-001; 6.4000E+001; 6.7674E-001; 6.4000E+001; 7.0254E-001; 6.4000E+001; 6.5242E-001; 6.4000E+001; 6.0380E-001; 6.4000E+001; 1.1065E-001;
 6.5000E+001; 2.4112E-004; 6.5000E+001; 1.2209E-001; 6.5000E+001; 6.5809E-001; 6.5000E+001; 7.0458E-001; 6.5000E+001; 6.5503E-001; 6.5000E+001; 6.0640E-001; 6.5000E+001; 1.0734E-001;
 6.6000E+001; 2.3460E-004; 6.6000E+001; 1.1546E-001; 6.6000E+001; 6.3785E-001; 6.6000E+001; 7.0666E-001; 6.6000E+001; 6.5759E-001; 6.6000E+001; 6.0899E-001; 6.6000E+001; 1.0410E-001;
 6.7000E+001; 2.2836E-004; 6.7000E+001; 1.0934E-001; 6.7000E+001; 6.1638E-001; 6.7000E+001; 7.0878E-001; 6.7000E+001; 6.6008E-001; 6.7000E+001; 6.1156E-001; 6.7000E+001; 1.0095E-001;
 6.8000E+001; 2.2239E-004; 6.8000E+001; 1.0367E-001; 6.8000E+001; 5.9405E-001; 6.8000E+001; 7.1095E-001; 6.8000E+001; 6.6251E-001; 6.8000E+001; 6.1411E-001; 6.8000E+001; 9.7891E-002;
 6.9000E+001; 2.1664E-004; 6.9000E+001; 9.8371E-002; 6.9000E+001; 5.7129E-001; 6.9000E+001; 7.1314E-001; 6.9000E+001; 6.6487E-001; 6.9000E+001; 6.1663E-001; 6.9000E+001; 9.4911E-002;
 7.0000E+001; 2.1109E-004; 7.0000E+001; 9.3416E-002; 7.0000E+001; 5.4846E-001; 7.0000E+001; 7.1532E-001; 7.0000E+001; 6.6715E-001; 7.0000E+001; 6.1912E-001; 7.0000E+001; 9.2012E-002;
 7.1000E+001; 2.0572E-004; 7.1000E+001; 8.8774E-002; 7.1000E+001; 5.2589E-001; 7.1000E+001; 7.1745E-001; 7.1000E+001; 6.6934E-001; 7.1000E+001; 6.2158E-001; 7.1000E+001; 8.9194E-002;
 7.2000E+001; 2.0052E-004; 7.2000E+001; 8.4425E-002; 7.2000E+001; 5.0384E-001; 7.2000E+001; 7.1948E-001; 7.2000E+001; 6.7146E-001; 7.2000E+001; 6.2401E-001; 7.2000E+001; 8.6454E-002;
 7.3000E+001; 1.9537E-004; 7.3000E+001; 8.0359E-002; 7.3000E+001; 4.8249E-001; 7.3000E+001; 7.2136E-001; 7.3000E+001; 6.7348E-001; 7.3000E+001; 6.2641E-001; 7.3000E+001; 8.3792E-002;
 7.4000E+001; 1.9035E-004; 7.4000E+001; 7.6601E-002; 7.4000E+001; 4.6196E-001; 7.4000E+001; 7.2300E-001; 7.4000E+001; 6.7542E-001; 7.4000E+001; 6.2877E-001; 7.4000E+001; 8.1205E-002;
 7.5000E+001; 1.8552E-004; 7.5000E+001; 7.3133E-002; 7.5000E+001; 4.4233E-001; 7.5000E+001; 7.2434E-001; 7.5000E+001; 6.7726E-001; 7.5000E+001; 6.3110E-001; 7.5000E+001; 7.8692E-002;
 7.6000E+001; 1.8088E-004; 7.6000E+001; 6.9931E-002; 7.6000E+001; 4.2364E-001; 7.6000E+001; 7.2528E-001; 7.6000E+001; 6.7902E-001; 7.6000E+001; 6.3340E-001; 7.6000E+001; 7.6251E-002;
 7.7000E+001; 1.7641E-004; 7.7000E+001; 6.6973E-002; 7.7000E+001; 4.0588E-001; 7.7000E+001; 7.2574E-001; 7.7000E+001; 6.8068E-001; 7.7000E+001; 6.3567E-001; 7.7000E+001; 7.3880E-002;
 7.8000E+001; 1.7210E-004; 7.8000E+001; 6.4238E-002; 7.8000E+001; 3.8903E-001; 7.8000E+001; 7.2563E-001; 7.8000E+001; 6.8226E-001; 7.8000E+001; 6.3790E-001; 7.8000E+001; 7.1578E-002;
 7.9000E+001; 1.6795E-004; 7.9000E+001; 6.1705E-002; 7.9000E+001; 3.7304E-001; 7.9000E+001; 7.2486E-001; 7.9000E+001; 6.8376E-001; 7.9000E+001; 6.4010E-001; 7.9000E+001; 6.9342E-002;
 8.0000E+001; 1.6393E-004; 8.0000E+001; 5.9355E-002; 8.0000E+001; 3.5787E-001; 8.0000E+001; 7.2335E-001; 8.0000E+001; 6.8518E-001; 8.0000E+001; 6.4226E-001; 8.0000E+001; 6.7170E-002;
 8.1000E+001; 1.6005E-004; 8.1000E+001; 5.7166E-002; 8.1000E+001; 3.4348E-001; 8.1000E+001; 7.2103E-001; 8.1000E+001; 6.8653E-001; 8.1000E+001; 6.4439E-001; 8.1000E+001; 6.5062E-002;
 8.2000E+001; 1.5628E-004; 8.2000E+001; 5.5121E-002; 8.2000E+001; 3.2981E-001; 8.2000E+001; 7.1782E-001; 8.2000E+001; 6.8781E-001; 8.2000E+001; 6.4647E-001; 8.2000E+001; 6.3015E-002;
 8.3000E+001; 1.5262E-004; 8.3000E+001; 5.3203E-002; 8.3000E+001; 3.1685E-001; 8.3000E+001; 7.1370E-001; 8.3000E+001; 6.8903E-001; 8.3000E+001; 6.4851E-001; 8.3000E+001; 6.1028E-002;
 8.4000E+001; 1.4906E-004; 8.4000E+001; 5.1401E-002; 8.4000E+001; 3.0456E-001; 8.4000E+001; 7.0861E-001; 8.4000E+001; 6.9021E-001; 8.4000E+001; 6.5050E-001; 8.4000E+001; 5.9099E-002;
 8.5000E+001; 1.4558E-004; 8.5000E+001; 4.9704E-002; 8.5000E+001; 2.9293E-001; 8.5000E+001; 7.0257E-001; 8.5000E+001; 6.9134E-001; 8.5000E+001; 6.5245E-001; 8.5000E+001; 5.7227E-002;
 8.6000E+001; 1.4219E-004; 8.6000E+001; 4.8104E-002; 8.6000E+001; 2.8195E-001; 8.6000E+001; 6.9555E-001; 8.6000E+001; 6.9244E-001; 8.6000E+001; 6.5435E-001; 8.6000E+001; 5.5411E-002;
 8.7000E+001; 1.3887E-004; 8.7000E+001; 4.6597E-002; 8.7000E+001; 2.7158E-001; 8.7000E+001; 6.8759E-001; 8.7000E+001; 6.9351E-001; 8.7000E+001; 6.5620E-001; 8.7000E+001; 5.3649E-002;
 8.8000E+001; 1.3563E-004; 8.8000E+001; 4.5179E-002; 8.8000E+001; 2.6182E-001; 8.8000E+001; 6.7872E-001; 8.8000E+001; 6.9456E-001; 8.8000E+001; 6.5800E-001; 8.8000E+001; 5.1939E-002;
 8.9000E+001; 1.3245E-004; 8.9000E+001; 4.3846E-002; 8.9000E+001; 2.5265E-001; 8.9000E+001; 6.6900E-001; 8.9000E+001; 6.9558E-001; 8.9000E+001; 6.5974E-001; 8.9000E+001; 5.0281E-002;
 9.0000E+001; 1.2935E-004; 9.0000E+001; 4.2594E-002; 9.0000E+001; 2.4403E-001; 9.0000E+001; 6.5851E-001; 9.0000E+001; 6.9658E-001; 9.0000E+001; 6.6143E-001; 9.0000E+001; 4.8673E-002;
 9.1000E+001; 1.2631E-004; 9.1000E+001; 4.1420E-002; 9.1000E+001; 2.3593E-001; 9.1000E+001; 6.4733E-001; 9.1000E+001; 6.9755E-001; 9.1000E+001; 6.6305E-001; 9.1000E+001; 4.7114E-002;
 9.2000E+001; 1.2334E-004; 9.2000E+001; 4.0319E-002; 9.2000E+001; 2.2834E-001; 9.2000E+001; 6.3556E-001; 9.2000E+001; 6.9850E-001; 9.2000E+001; 6.6461E-001; 9.2000E+001; 4.5603E-002;
 9.3000E+001; 1.2032E-004; 9.3000E+001; 3.9305E-002; 9.3000E+001; 2.2120E-001; 9.3000E+001; 6.2333E-001; 9.3000E+001; 6.9941E-001; 9.3000E+001; 6.6612E-001; 9.3000E+001; 4.4139E-002;
 9.4000E+001; 1.1716E-004; 9.4000E+001; 3.8448E-002; 9.4000E+001; 2.1449E-001; 9.4000E+001; 6.1074E-001; 9.4000E+001; 7.0026E-001; 9.4000E+001; 6.6755E-001; 9.4000E+001; 4.2720E-002;
 9.5000E+001; 1.1404E-004; 9.5000E+001; 3.7705E-002; 9.5000E+001; 2.0823E-001; 9.5000E+001; 5.9792E-001; 9.5000E+001; 7.0106E-001; 9.5000E+001; 6.6892E-001; 9.5000E+001; 4.1346E-002;
 9.6000E+001; 1.1112E-004; 9.6000E+001; 3.7040E-002; 9.6000E+001; 2.0241E-001; 9.6000E+001; 5.8498E-001; 9.6000E+001; 7.0177E-001; 9.6000E+001; 6.7022E-001; 9.6000E+001; 4.0016E-002;
 9.7000E+001; 1.0827E-004; 9.7000E+001; 3.6433E-002; 9.7000E+001; 1.9698E-001; 9.7000E+001; 5.7203E-001; 9.7000E+001; 7.0239E-001; 9.7000E+001; 6.7146E-001; 9.7000E+001; 3.8728E-002;
 9.8000E+001; 1.0537E-004; 9.8000E+001; 3.5878E-002; 9.8000E+001; 1.9190E-001; 9.8000E+001; 5.5919E-001; 9.8000E+001; 7.0288E-001; 9.8000E+001; 6.7263E-001; 9.8000E+001; 3.7481E-002;
 9.9000E+001; 1.0268E-004; 9.9000E+001; 3.5356E-002; 9.9000E+001; 1.8715E-001; 9.9000E+001; 5.4653E-001; 9.9000E+001; 7.0323E-001; 9.9000E+001; 6.7373E-001; 9.9000E+001; 3.6274E-002;
 1.0000E+002; 1.0002E-004; 1.0000E+002; 3.4862E-002; 1.0000E+002; 1.8270E-001; 1.0000E+002; 5.3415E-001; 1.0000E+002; 7.0342E-001; 1.0000E+002; 6.7476E-001; 1.0000E+002; 3.5107E-002;
 1.0100E+002; 9.7456E-005; 1.0100E+002; 3.4384E-002; 1.0100E+002; 1.7850E-001; 1.0100E+002; 5.2209E-001; 1.0100E+002; 7.0342E-001; 1.0100E+002; 6.7573E-001; 1.0100E+002; 3.3979E-002;
 1.0200E+002; 9.5073E-005; 1.0200E+002; 3.3898E-002; 1.0200E+002; 1.7453E-001; 1.0200E+002; 5.1039E-001; 1.0200E+002; 7.0320E-001; 1.0200E+002; 6.7663E-001; 1.0200E+002; 3.2888E-002;
 1.0300E+002; 9.2765E-005; 1.0300E+002; 3.3378E-002; 1.0300E+002; 1.7070E-001; 1.0300E+002; 4.9908E-001; 1.0300E+002; 7.0275E-001; 1.0300E+002; 6.7747E-001; 1.0300E+002; 3.1833E-002;
 1.0400E+002; 8.9954E-005; 1.0400E+002; 3.3109E-002; 1.0400E+002; 1.6689E-001; 1.0400E+002; 4.8817E-001; 1.0400E+002; 7.0205E-001; 1.0400E+002; 6.7825E-001; 1.0400E+002; 3.0815E-002;
 1.0500E+002; 8.7125E-005; 1.0500E+002; 3.2892E-002; 1.0500E+002; 1.6359E-001; 1.0500E+002; 4.7760E-001; 1.0500E+002; 7.0108E-001; 1.0500E+002; 6.7896E-001; 1.0500E+002; 2.9831E-002;
 1.0600E+002; 8.4275E-005; 1.0600E+002; 3.2693E-002; 1.0600E+002; 1.6090E-001; 1.0600E+002; 4.6732E-001; 1.0600E+002; 6.9984E-001; 1.0600E+002; 6.7962E-001; 1.0600E+002; 2.8881E-002;
 1.0700E+002; 8.1451E-005; 1.0700E+002; 3.2483E-002; 1.0700E+002; 1.5864E-001; 1.0700E+002; 4.5734E-001; 1.0700E+002; 6.9832E-001; 1.0700E+002; 6.8022E-001; 1.0700E+002; 2.7964E-002;
 1.0800E+002; 7.8633E-005; 1.0800E+002; 3.2282E-002; 1.0800E+002; 1.5652E-001; 1.0800E+002; 4.4792E-001; 1.0800E+002; 6.9654E-001; 1.0800E+002; 6.8077E-001; 1.0800E+002; 2.7079E-002;
 1.0900E+002; 7.5836E-005; 1.0900E+002; 3.2078E-002; 1.0900E+002; 1.5454E-001; 1.0900E+002; 4.3916E-001; 1.0900E+002; 6.9448E-001; 1.0900E+002; 6.8127E-001; 1.0900E+002; 2.6226E-002;
 1.1000E+002; 7.3060E-005; 1.1000E+002; 3.1871E-002; 1.1000E+002; 1.5272E-001; 1.1000E+002; 4.3116E-001; 1.1000E+002; 6.9217E-001; 1.1000E+002; 6.8172E-001; 1.1000E+002; 2.5403E-002;
 1.1100E+002; 7.0321E-005; 1.1100E+002; 3.1658E-002; 1.1100E+002; 1.5102E-001; 1.1100E+002; 4.2382E-001; 1.1100E+002; 6.8964E-001; 1.1100E+002; 6.8212E-001; 1.1100E+002; 2.4611E-002;
 1.1200E+002; 6.7645E-005; 1.1200E+002; 3.1423E-002; 1.1200E+002; 1.4946E-001; 1.1200E+002; 4.1698E-001; 1.1200E+002; 6.8672E-001; 1.1200E+002; 6.8247E-001; 1.1200E+002; 2.3847E-002;
 1.1300E+002; 6.4800E-005; 1.1300E+002; 3.1193E-002; 1.1300E+002; 1.4799E-001; 1.1300E+002; 4.1062E-001; 1.1300E+002; 6.8337E-001; 1.1300E+002; 6.8276E-001; 1.1300E+002; 2.3113E-002;
 1.1400E+002; 6.1966E-005; 1.1400E+002; 3.0998E-002; 1.1400E+002; 1.4664E-001; 1.1400E+002; 4.0470E-001; 1.1400E+002; 6.7970E-001; 1.1400E+002; 6.8305E-001; 1.1400E+002; 2.2407E-002;
 1.1500E+002; 5.9157E-005; 1.1500E+002; 3.0819E-002; 1.1500E+002; 1.4544E-001; 1.1500E+002; 3.9925E-001; 1.1500E+002; 6.7576E-001; 1.1500E+002; 6.8341E-001; 1.1500E+002; 2.1728E-002;
 1.1600E+002; 5.6373E-005; 1.1600E+002; 3.0648E-002; 1.1600E+002; 1.4435E-001; 1.1600E+002; 3.9426E-001; 1.1600E+002; 6.7172E-001; 1.1600E+002; 6.8377E-001; 1.1600E+002; 2.1076E-002;
 1.1700E+002; 5.3617E-005; 1.1700E+002; 3.0480E-002; 1.1700E+002; 1.4339E-001; 1.1700E+002; 3.8972E-001; 1.1700E+002; 6.6778E-001; 1.1700E+002; 6.8401E-001; 1.1700E+002; 2.0451E-002;
 1.1800E+002; 5.0891E-005; 1.1800E+002; 3.0313E-002; 1.1800E+002; 1.4253E-001; 1.1800E+002; 3.8560E-001; 1.1800E+002; 6.6392E-001; 1.1800E+002; 6.8408E-001; 1.1800E+002; 1.9852E-002;
 1.1900E+002; 4.8197E-005; 1.1900E+002; 3.0145E-002; 1.1900E+002; 1.4177E-001; 1.1900E+002; 3.8190E-001; 1.1900E+002; 6.6015E-001; 1.1900E+002; 6.8392E-001; 1.1900E+002; 1.9280E-002;
 1.2000E+002; 4.5541E-005; 1.2000E+002; 2.9975E-002; 1.2000E+002; 1.4111E-001; 1.2000E+002; 3.7860E-001; 1.2000E+002; 6.5651E-001; 1.2000E+002; 6.8368E-001; 1.2000E+002; 1.8733E-002;
 1.2100E+002; 4.2916E-005; 1.2100E+002; 2.9804E-002; 1.2100E+002; 1.4054E-001; 1.2100E+002; 3.7567E-001; 1.2100E+002; 6.5304E-001; 1.2100E+002; 6.8334E-001; 1.2100E+002; 1.8213E-002;
 1.2200E+002; 4.0362E-005; 1.2200E+002; 2.9629E-002; 1.2200E+002; 1.4006E-001; 1.2200E+002; 3.7310E-001; 1.2200E+002; 6.4974E-001; 1.2200E+002; 6.8289E-001; 1.2200E+002; 1.7718E-002;
 1.2300E+002; 3.7845E-005; 1.2300E+002; 2.9452E-002; 1.2300E+002; 1.3968E-001; 1.2300E+002; 3.7087E-001; 1.2300E+002; 6.4664E-001; 1.2300E+002; 6.8235E-001; 1.2300E+002; 1.7250E-002;
 1.2400E+002; 3.5371E-005; 1.2400E+002; 2.9277E-002; 1.2400E+002; 1.3940E-001; 1.2400E+002; 3.6896E-001; 1.2400E+002; 6.4373E-001; 1.2400E+002; 6.8170E-001; 1.2400E+002; 1.6809E-002;
 1.2500E+002; 3.2930E-005; 1.2500E+002; 2.9106E-002; 1.2500E+002; 1.3921E-001; 1.2500E+002; 3.6734E-001; 1.2500E+002; 6.4102E-001; 1.2500E+002; 6.8096E-001; 1.2500E+002; 1.6395E-002;
 1.2600E+002; 3.0560E-005; 1.2600E+002; 2.8937E-002; 1.2600E+002; 1.3910E-001; 1.2600E+002; 3.6601E-001; 1.2600E+002; 6.3851E-001; 1.2600E+002; 6.8013E-001; 1.2600E+002; 1.6008E-002;
 1.2700E+002; 2.8264E-005; 1.2700E+002; 2.8768E-002; 1.2700E+002; 1.3907E-001; 1.2700E+002; 3.6495E-001; 1.2700E+002; 6.3618E-001; 1.2700E+002; 6.7920E-001; 1.2700E+002; 1.5648E-002;
 1.2800E+002; 2.5992E-005; 1.2800E+002; 2.8602E-002; 1.2800E+002; 1.3912E-001; 1.2800E+002; 3.6412E-001; 1.2800E+002; 6.3401E-001; 1.2800E+002; 6.7819E-001; 1.2800E+002; 1.5315E-002;
 1.2900E+002; 2.3807E-005; 1.2900E+002; 2.8432E-002; 1.2900E+002; 1.3924E-001; 1.2900E+002; 3.6351E-001; 1.2900E+002; 6.3200E-001; 1.2900E+002; 6.7711E-001; 1.2900E+002; 1.5009E-002;
 1.3000E+002; 2.3534E-005; 1.3000E+002; 2.8163E-002; 1.3000E+002; 1.3926E-001; 1.3000E+002; 3.6301E-001; 1.3000E+002; 6.3010E-001; 1.3000E+002; 6.7594E-001; 1.3000E+002; 1.4729E-002;
 1.3100E+002; 2.4063E-005; 1.3100E+002; 2.7703E-002; 1.3100E+002; 1.3887E-001; 1.3100E+002; 3.6232E-001; 1.3100E+002; 6.2824E-001; 1.3100E+002; 6.7469E-001; 1.3100E+002; 1.4476E-002;
 1.3200E+002; 2.4434E-005; 1.3200E+002; 2.7170E-002; 1.3200E+002; 1.3821E-001; 1.3200E+002; 3.6144E-001; 1.3200E+002; 6.2639E-001; 1.3200E+002; 6.7336E-001; 1.3200E+002; 1.4244E-002;
 1.3300E+002; 2.4658E-005; 1.3300E+002; 2.6605E-002; 1.3300E+002; 1.3732E-001; 1.3300E+002; 3.6037E-001; 1.3300E+002; 6.2453E-001; 1.3300E+002; 6.7198E-001; 1.3300E+002; 1.4019E-002;
 1.3400E+002; 2.4751E-005; 1.3400E+002; 2.6029E-002; 1.3400E+002; 1.3627E-001; 1.3400E+002; 3.5910E-001; 1.3400E+002; 6.2267E-001; 1.3400E+002; 6.7055E-001; 1.3400E+002; 1.3791E-002;
 1.3500E+002; 2.4747E-005; 1.3500E+002; 2.5454E-002; 1.3500E+002; 1.3507E-001; 1.3500E+002; 3.5762E-001; 1.3500E+002; 6.2079E-001; 1.3500E+002; 6.6909E-001; 1.3500E+002; 1.3554E-002;
 1.3600E+002; 2.4655E-005; 1.3600E+002; 2.4884E-002; 1.3600E+002; 1.3378E-001; 1.3600E+002; 3.5595E-001; 1.3600E+002; 6.1890E-001; 1.3600E+002; 6.6761E-001; 1.3600E+002; 1.3305E-002;
 1.3700E+002; 2.4520E-005; 1.3700E+002; 2.4333E-002; 1.3700E+002; 1.3241E-001; 1.3700E+002; 3.5408E-001; 1.3700E+002; 6.1699E-001; 1.3700E+002; 6.6611E-001; 1.3700E+002; 1.3045E-002;
 1.3800E+002; 2.4336E-005; 1.3800E+002; 2.3805E-002; 1.3800E+002; 1.3100E-001; 1.3800E+002; 3.5203E-001; 1.3800E+002; 6.1506E-001; 1.3800E+002; 6.6461E-001; 1.3800E+002; 1.2778E-002;
 1.3900E+002; 2.4115E-005; 1.3900E+002; 2.3300E-002; 1.3900E+002; 1.2956E-001; 1.3900E+002; 3.4981E-001; 1.3900E+002; 6.1310E-001; 1.3900E+002; 6.6311E-001; 1.3900E+002; 1.2507E-002;
 1.4000E+002; 2.3889E-005; 1.4000E+002; 2.2815E-002; 1.4000E+002; 1.2812E-001; 1.4000E+002; 3.4744E-001; 1.4000E+002; 6.1112E-001; 1.4000E+002; 6.6160E-001; 1.4000E+002; 1.2233E-002;
 1.4100E+002; 2.3644E-005; 1.4100E+002; 2.2351E-002; 1.4100E+002; 1.2667E-001; 1.4100E+002; 3.4494E-001; 1.4100E+002; 6.0911E-001; 1.4100E+002; 6.6011E-001; 1.4100E+002; 1.1960E-002;
 1.4200E+002; 2.3392E-005; 1.4200E+002; 2.1904E-002; 1.4200E+002; 1.2522E-001; 1.4200E+002; 3.4231E-001; 1.4200E+002; 6.0705E-001; 1.4200E+002; 6.5861E-001; 1.4200E+002; 1.1690E-002;
 1.4300E+002; 2.3141E-005; 1.4300E+002; 2.1473E-002; 1.4300E+002; 1.2378E-001; 1.4300E+002; 3.3957E-001; 1.4300E+002; 6.0495E-001; 1.4300E+002; 6.5712E-001; 1.4300E+002; 1.1423E-002;
 1.4400E+002; 2.2889E-005; 1.4400E+002; 2.1055E-002; 1.4400E+002; 1.2236E-001; 1.4400E+002; 3.3674E-001; 1.4400E+002; 6.0280E-001; 1.4400E+002; 6.5565E-001; 1.4400E+002; 1.1162E-002;
 1.4500E+002; 2.2638E-005; 1.4500E+002; 2.0638E-002; 1.4500E+002; 1.2096E-001; 1.4500E+002; 3.3384E-001; 1.4500E+002; 6.0060E-001; 1.4500E+002; 6.5418E-001; 1.4500E+002; 1.0908E-002;
 1.4600E+002; 2.2394E-005; 1.4600E+002; 2.0213E-002; 1.4600E+002; 1.1960E-001; 1.4600E+002; 3.3087E-001; 1.4600E+002; 5.9832E-001; 1.4600E+002; 6.5273E-001; 1.4600E+002; 1.0662E-002;
 1.4700E+002; 2.2157E-005; 1.4700E+002; 1.9791E-002; 1.4700E+002; 1.1826E-001; 1.4700E+002; 3.2785E-001; 1.4700E+002; 5.9598E-001; 1.4700E+002; 6.5129E-001; 1.4700E+002; 1.0423E-002;
 1.4800E+002; 2.1923E-005; 1.4800E+002; 1.9375E-002; 1.4800E+002; 1.1694E-001; 1.4800E+002; 3.2478E-001; 1.4800E+002; 5.9355E-001; 1.4800E+002; 6.4986E-001; 1.4800E+002; 1.0190E-002;
 1.4900E+002; 2.1691E-005; 1.4900E+002; 1.8968E-002; 1.4900E+002; 1.1562E-001; 1.4900E+002; 3.2168E-001; 1.4900E+002; 5.9104E-001; 1.4900E+002; 6.4845E-001; 1.4900E+002; 9.9638E-003;
 1.5000E+002; 2.1464E-005; 1.5000E+002; 1.8567E-002; 1.5000E+002; 1.1432E-001; 1.5000E+002; 3.1855E-001; 1.5000E+002; 5.8844E-001; 1.5000E+002; 6.4706E-001; 1.5000E+002; 9.7432E-003;
 1.5100E+002; 2.1241E-005; 1.5100E+002; 1.8174E-002; 1.5100E+002; 1.1302E-001; 1.5100E+002; 3.1540E-001; 1.5100E+002; 5.8574E-001; 1.5100E+002; 6.4569E-001; 1.5100E+002; 9.5284E-003;
 1.5200E+002; 2.1024E-005; 1.5200E+002; 1.7788E-002; 1.5200E+002; 1.1173E-001; 1.5200E+002; 3.1224E-001; 1.5200E+002; 5.8293E-001; 1.5200E+002; 6.4434E-001; 1.5200E+002; 9.3193E-003;
 1.5300E+002; 2.0810E-005; 1.5300E+002; 1.7409E-002; 1.5300E+002; 1.1045E-001; 1.5300E+002; 3.0906E-001; 1.5300E+002; 5.8003E-001; 1.5300E+002; 6.4301E-001; 1.5300E+002; 9.1156E-003;
 1.5400E+002; 2.0599E-005; 1.5400E+002; 1.7036E-002; 1.5400E+002; 1.0918E-001; 1.5400E+002; 3.0588E-001; 1.5400E+002; 5.7702E-001; 1.5400E+002; 6.4171E-001; 1.5400E+002; 8.9173E-003;
 1.5500E+002; 2.0394E-005; 1.5500E+002; 1.6669E-002; 1.5500E+002; 1.0792E-001; 1.5500E+002; 3.0270E-001; 1.5500E+002; 5.7390E-001; 1.5500E+002; 6.4043E-001; 1.5500E+002; 8.7242E-003;
 1.5600E+002; 2.0192E-005; 1.5600E+002; 1.6308E-002; 1.5600E+002; 1.0666E-001; 1.5600E+002; 2.9951E-001; 1.5600E+002; 5.7068E-001; 1.5600E+002; 6.3918E-001; 1.5600E+002; 8.5364E-003;
 1.5700E+002; 1.9999E-005; 1.5700E+002; 1.5952E-002; 1.5700E+002; 1.0541E-001; 1.5700E+002; 2.9634E-001; 1.5700E+002; 5.6736E-001; 1.5700E+002; 6.3795E-001; 1.5700E+002; 8.3537E-003;
 1.5800E+002; 1.9805E-005; 1.5800E+002; 1.5602E-002; 1.5800E+002; 1.0417E-001; 1.5800E+002; 2.9317E-001; 1.5800E+002; 5.6392E-001; 1.5800E+002; 6.3676E-001; 1.5800E+002; 8.1760E-003;
 1.5900E+002; 1.9613E-005; 1.5900E+002; 1.5257E-002; 1.5900E+002; 1.0294E-001; 1.5900E+002; 2.9001E-001; 1.5900E+002; 5.6039E-001; 1.5900E+002; 6.3559E-001; 1.5900E+002; 8.0031E-003;
 1.6000E+002; 1.9432E-005; 1.6000E+002; 1.4917E-002; 1.6000E+002; 1.0171E-001; 1.6000E+002; 2.8686E-001; 1.6000E+002; 5.5676E-001; 1.6000E+002; 6.3445E-001; 1.6000E+002; 7.8351E-003;
 1.6100E+002; 1.9249E-005; 1.6100E+002; 1.4581E-002; 1.6100E+002; 1.0049E-001; 1.6100E+002; 2.8372E-001; 1.6100E+002; 5.5304E-001; 1.6100E+002; 6.3333E-001; 1.6100E+002; 7.6718E-003;
 1.6200E+002; 1.9064E-005; 1.6200E+002; 1.4251E-002; 1.6200E+002; 9.9285E-002; 1.6200E+002; 2.8061E-001; 1.6200E+002; 5.4922E-001; 1.6200E+002; 6.3225E-001; 1.6200E+002; 7.5131E-003;
 1.6300E+002; 1.8899E-005; 1.6300E+002; 1.3925E-002; 1.6300E+002; 9.8083E-002; 1.6300E+002; 2.7750E-001; 1.6300E+002; 5.4532E-001; 1.6300E+002; 6.3119E-001; 1.6300E+002; 7.3589E-003;
 1.6400E+002; 1.8726E-005; 1.6400E+002; 1.3604E-002; 1.6400E+002; 9.6888E-002; 1.6400E+002; 2.7442E-001; 1.6400E+002; 5.4134E-001; 1.6400E+002; 6.3016E-001; 1.6400E+002; 7.2091E-003;
 1.6500E+002; 1.8560E-005; 1.6500E+002; 1.3288E-002; 1.6500E+002; 9.5701E-002; 1.6500E+002; 2.7135E-001; 1.6500E+002; 5.3728E-001; 1.6500E+002; 6.2914E-001; 1.6500E+002; 7.0636E-003;
 1.6600E+002; 1.8392E-005; 1.6600E+002; 1.2976E-002; 1.6600E+002; 9.4523E-002; 1.6600E+002; 2.6831E-001; 1.6600E+002; 5.3315E-001; 1.6600E+002; 6.2815E-001; 1.6600E+002; 6.9223E-003;
 1.6700E+002; 1.8231E-005; 1.6700E+002; 1.2670E-002; 1.6700E+002; 9.3352E-002; 1.6700E+002; 2.6528E-001; 1.6700E+002; 5.2895E-001; 1.6700E+002; 6.2718E-001; 1.6700E+002; 6.7851E-003;
 1.6800E+002; 1.8074E-005; 1.6800E+002; 1.2367E-002; 1.6800E+002; 9.2189E-002; 1.6800E+002; 2.6227E-001; 1.6800E+002; 5.2469E-001; 1.6800E+002; 6.2621E-001; 1.6800E+002; 6.6520E-003;
 1.6900E+002; 1.7920E-005; 1.6900E+002; 1.2068E-002; 1.6900E+002; 9.1035E-002; 1.6900E+002; 2.5929E-001; 1.6900E+002; 5.2037E-001; 1.6900E+002; 6.2526E-001; 1.6900E+002; 6.5227E-003;
 1.7000E+002; 1.7769E-005; 1.7000E+002; 1.1773E-002; 1.7000E+002; 8.9887E-002; 1.7000E+002; 2.5633E-001; 1.7000E+002; 5.1600E-001; 1.7000E+002; 6.2431E-001; 1.7000E+002; 6.3973E-003;
 1.7100E+002; 1.7611E-005; 1.7100E+002; 1.1483E-002; 1.7100E+002; 8.8748E-002; 1.7100E+002; 2.5339E-001; 1.7100E+002; 5.1159E-001; 1.7100E+002; 6.2337E-001; 1.7100E+002; 6.2756E-003;
 1.7200E+002; 1.7467E-005; 1.7200E+002; 1.1196E-002; 1.7200E+002; 8.7614E-002; 1.7200E+002; 2.5047E-001; 1.7200E+002; 5.0713E-001; 1.7200E+002; 6.2241E-001; 1.7200E+002; 6.1575E-003;
 1.7300E+002; 1.7322E-005; 1.7300E+002; 1.0913E-002; 1.7300E+002; 8.6488E-002; 1.7300E+002; 2.4758E-001; 1.7300E+002; 5.0263E-001; 1.7300E+002; 6.2145E-001; 1.7300E+002; 6.0429E-003;
 1.7400E+002; 1.7184E-005; 1.7400E+002; 1.0634E-002; 1.7400E+002; 8.5369E-002; 1.7400E+002; 2.4471E-001; 1.7400E+002; 4.9811E-001; 1.7400E+002; 6.2047E-001; 1.7400E+002; 5.9317E-003;
 1.7500E+002; 1.7049E-005; 1.7500E+002; 1.0357E-002; 1.7500E+002; 8.4256E-002; 1.7500E+002; 2.4187E-001; 1.7500E+002; 4.9355E-001; 1.7500E+002; 6.1947E-001; 1.7500E+002; 5.8239E-003;
 1.7600E+002; 1.6913E-005; 1.7600E+002; 1.0078E-002; 1.7600E+002; 8.3148E-002; 1.7600E+002; 2.3906E-001; 1.7600E+002; 4.8897E-001; 1.7600E+002; 6.1844E-001; 1.7600E+002; 5.7192E-003;
 1.7700E+002; 1.6781E-005; 1.7700E+002; 9.7984E-003; 1.7700E+002; 8.2045E-002; 1.7700E+002; 2.3629E-001; 1.7700E+002; 4.8438E-001; 1.7700E+002; 6.1738E-001; 1.7700E+002; 5.6176E-003;
 1.7800E+002; 1.6661E-005; 1.7800E+002; 9.5076E-003; 1.7800E+002; 8.0944E-002; 1.7800E+002; 2.3355E-001; 1.7800E+002; 4.7977E-001; 1.7800E+002; 6.1627E-001; 1.7800E+002; 5.5191E-003;
 1.7900E+002; 1.6544E-005; 1.7900E+002; 9.2271E-003; 1.7900E+002; 7.9826E-002; 1.7900E+002; 2.3082E-001; 1.7900E+002; 4.7514E-001; 1.7900E+002; 6.1512E-001; 1.7900E+002; 5.4235E-003;
 1.8000E+002; 1.6406E-005; 1.8000E+002; 8.9604E-003; 1.8000E+002; 7.8720E-002; 1.8000E+002; 2.2810E-001; 1.8000E+002; 4.7049E-001; 1.8000E+002; 6.1391E-001; 1.8000E+002; 5.3307E-003;
 1.8100E+002; 1.6277E-005; 1.8100E+002; 8.7022E-003; 1.8100E+002; 7.7628E-002; 1.8100E+002; 2.2541E-001; 1.8100E+002; 4.6583E-001; 1.8100E+002; 6.1263E-001; 1.8100E+002; 5.2405E-003;
 1.8200E+002; 1.6146E-005; 1.8200E+002; 8.4513E-003; 1.8200E+002; 7.6550E-002; 1.8200E+002; 2.2274E-001; 1.8200E+002; 4.6117E-001; 1.8200E+002; 6.1129E-001; 1.8200E+002; 5.1527E-003;
 1.8300E+002; 1.6020E-005; 1.8300E+002; 8.2064E-003; 1.8300E+002; 7.5486E-002; 1.8300E+002; 2.2010E-001; 1.8300E+002; 4.5650E-001; 1.8300E+002; 6.0988E-001; 1.8300E+002; 5.0674E-003;
 1.8400E+002; 1.5904E-005; 1.8400E+002; 7.9670E-003; 1.8400E+002; 7.4434E-002; 1.8400E+002; 2.1749E-001; 1.8400E+002; 4.5183E-001; 1.8400E+002; 6.0839E-001; 1.8400E+002; 4.9843E-003;
 1.8500E+002; 1.5779E-005; 1.8500E+002; 7.7335E-003; 1.8500E+002; 7.3395E-002; 1.8500E+002; 2.1490E-001; 1.8500E+002; 4.4717E-001; 1.8500E+002; 6.0682E-001; 1.8500E+002; 4.9036E-003;
 1.8600E+002; 1.5661E-005; 1.8600E+002; 7.5051E-003; 1.8600E+002; 7.2366E-002; 1.8600E+002; 2.1234E-001; 1.8600E+002; 4.4250E-001; 1.8600E+002; 6.0516E-001; 1.8600E+002; 4.8250E-003;
 1.8700E+002; 1.5544E-005; 1.8700E+002; 7.2815E-003; 1.8700E+002; 7.1347E-002; 1.8700E+002; 2.0981E-001; 1.8700E+002; 4.3785E-001; 1.8700E+002; 6.0340E-001; 1.8700E+002; 4.7486E-003;
 1.8800E+002; 1.5429E-005; 1.8800E+002; 7.0631E-003; 1.8800E+002; 7.0339E-002; 1.8800E+002; 2.0730E-001; 1.8800E+002; 4.3321E-001; 1.8800E+002; 6.0154E-001; 1.8800E+002; 4.6742E-003;
 1.8900E+002; 1.5315E-005; 1.8900E+002; 6.8491E-003; 1.8900E+002; 6.9341E-002; 1.8900E+002; 2.0482E-001; 1.8900E+002; 4.2858E-001; 1.8900E+002; 5.9959E-001; 1.8900E+002; 4.6017E-003;
 1.9000E+002; 1.5205E-005; 1.9000E+002; 6.6399E-003; 1.9000E+002; 6.8351E-002; 1.9000E+002; 2.0236E-001; 1.9000E+002; 4.2397E-001; 1.9000E+002; 5.9753E-001; 1.9000E+002; 4.5312E-003;
 1.9100E+002; 1.5097E-005; 1.9100E+002; 6.4350E-003; 1.9100E+002; 6.7370E-002; 1.9100E+002; 1.9993E-001; 1.9100E+002; 4.1937E-001; 1.9100E+002; 5.9536E-001; 1.9100E+002; 4.4624E-003;
 1.9200E+002; 1.4991E-005; 1.9200E+002; 6.2346E-003; 1.9200E+002; 6.6398E-002; 1.9200E+002; 1.9751E-001; 1.9200E+002; 4.1480E-001; 1.9200E+002; 5.9309E-001; 1.9200E+002; 4.3955E-003;
 1.9300E+002; 1.4886E-005; 1.9300E+002; 6.0386E-003; 1.9300E+002; 6.5435E-002; 1.9300E+002; 1.9513E-001; 1.9300E+002; 4.1025E-001; 1.9300E+002; 5.9071E-001; 1.9300E+002; 4.3301E-003;
 1.9400E+002; 1.4773E-005; 1.9400E+002; 5.8472E-003; 1.9400E+002; 6.4480E-002; 1.9400E+002; 1.9276E-001; 1.9400E+002; 4.0572E-001; 1.9400E+002; 5.8822E-001; 1.9400E+002; 4.2664E-003;
 1.9500E+002; 1.4680E-005; 1.9500E+002; 5.6592E-003; 1.9500E+002; 6.3532E-002; 1.9500E+002; 1.9042E-001; 1.9500E+002; 4.0121E-001; 1.9500E+002; 5.8561E-001; 1.9500E+002; 4.2042E-003;
 1.9600E+002; 1.4578E-005; 1.9600E+002; 5.4760E-003; 1.9600E+002; 6.2593E-002; 1.9600E+002; 1.8809E-001; 1.9600E+002; 3.9674E-001; 1.9600E+002; 5.8290E-001; 1.9600E+002; 4.1435E-003;
 1.9700E+002; 1.4477E-005; 1.9700E+002; 5.2967E-003; 1.9700E+002; 6.1661E-002; 1.9700E+002; 1.8579E-001; 1.9700E+002; 3.9229E-001; 1.9700E+002; 5.8009E-001; 1.9700E+002; 4.0842E-003;
 1.9800E+002; 1.4381E-005; 1.9800E+002; 5.1214E-003; 1.9800E+002; 6.0737E-002; 1.9800E+002; 1.8352E-001; 1.9800E+002; 3.8787E-001; 1.9800E+002; 5.7716E-001; 1.9800E+002; 4.0263E-003;
 1.9900E+002; 1.4286E-005; 1.9900E+002; 4.9501E-003; 1.9900E+002; 5.9821E-002; 1.9900E+002; 1.8126E-001; 1.9900E+002; 3.8348E-001; 1.9900E+002; 5.7414E-001; 1.9900E+002; 3.9697E-003;
 2.0000E+002; 1.4195E-005; 2.0000E+002; 4.7826E-003; 2.0000E+002; 5.8911E-002; 2.0000E+002; 1.7902E-001; 2.0000E+002; 3.7913E-001; 2.0000E+002; 5.7101E-001; 2.0000E+002; 3.9144E-003;
 2.0100E+002; 1.4102E-005; 2.0100E+002; 4.6192E-003; 2.0100E+002; 5.8010E-002; 2.0100E+002; 1.7680E-001; 2.0100E+002; 3.7480E-001; 2.0100E+002; 5.6778E-001; 2.0100E+002; 3.8602E-003;
 2.0200E+002; 1.4011E-005; 2.0200E+002; 4.4596E-003; 2.0200E+002; 5.7116E-002; 2.0200E+002; 1.7461E-001; 2.0200E+002; 3.7051E-001; 2.0200E+002; 5.6446E-001; 2.0200E+002; 3.8073E-003;
 2.0300E+002; 1.3922E-005; 2.0300E+002; 4.3038E-003; 2.0300E+002; 5.6229E-002; 2.0300E+002; 1.7243E-001; 2.0300E+002; 3.6625E-001; 2.0300E+002; 5.6104E-001; 2.0300E+002; 3.7555E-003;
 2.0400E+002; 1.3833E-005; 2.0400E+002; 4.1518E-003; 2.0400E+002; 5.5350E-002; 2.0400E+002; 1.7027E-001; 2.0400E+002; 3.6203E-001; 2.0400E+002; 5.5754E-001; 2.0400E+002; 3.7047E-003;
 2.0500E+002; 1.3740E-005; 2.0500E+002; 4.0037E-003; 2.0500E+002; 5.4479E-002; 2.0500E+002; 1.6814E-001; 2.0500E+002; 3.5784E-001; 2.0500E+002; 5.5395E-001; 2.0500E+002; 3.6550E-003;
 2.0600E+002; 1.3660E-005; 2.0600E+002; 3.8590E-003; 2.0600E+002; 5.3614E-002; 2.0600E+002; 1.6602E-001; 2.0600E+002; 3.5369E-001; 2.0600E+002; 5.5029E-001; 2.0600E+002; 3.6064E-003;
 2.0700E+002; 1.3577E-005; 2.0700E+002; 3.7180E-003; 2.0700E+002; 5.2757E-002; 2.0700E+002; 1.6392E-001; 2.0700E+002; 3.4957E-001; 2.0700E+002; 5.4655E-001; 2.0700E+002; 3.5587E-003;
 2.0800E+002; 1.3485E-005; 2.0800E+002; 3.5809E-003; 2.0800E+002; 5.1907E-002; 2.0800E+002; 1.6184E-001; 2.0800E+002; 3.4549E-001; 2.0800E+002; 5.4273E-001; 2.0800E+002; 3.5120E-003;
 2.0900E+002; 1.3412E-005; 2.0900E+002; 3.4468E-003; 2.0900E+002; 5.1065E-002; 2.0900E+002; 1.5978E-001; 2.0900E+002; 3.4144E-001; 2.0900E+002; 5.3885E-001; 2.0900E+002; 3.4662E-003;
 2.1000E+002; 1.3331E-005; 2.1000E+002; 3.3166E-003; 2.1000E+002; 5.0230E-002; 2.1000E+002; 1.5774E-001; 2.1000E+002; 3.3743E-001; 2.1000E+002; 5.3491E-001; 2.1000E+002; 3.4214E-003;
 2.1100E+002; 1.3248E-005; 2.1100E+002; 3.1900E-003; 2.1100E+002; 4.9403E-002; 2.1100E+002; 1.5572E-001; 2.1100E+002; 3.3346E-001; 2.1100E+002; 5.3091E-001; 2.1100E+002; 3.3774E-003;
 2.1200E+002; 1.3173E-005; 2.1200E+002; 3.0663E-003; 2.1200E+002; 4.8577E-002; 2.1200E+002; 1.5372E-001; 2.1200E+002; 3.2952E-001; 2.1200E+002; 5.2686E-001; 2.1200E+002; 3.3343E-003;
 2.1300E+002; 1.3094E-005; 2.1300E+002; 2.9950E-003; 2.1300E+002; 4.7744E-002; 2.1300E+002; 1.5176E-001; 2.1300E+002; 3.2562E-001; 2.1300E+002; 5.2276E-001; 2.1300E+002; 3.2920E-003;
 2.1400E+002; 1.3021E-005; 2.1400E+002; 2.9649E-003; 2.1400E+002; 4.6913E-002; 2.1400E+002; 1.4983E-001; 2.1400E+002; 3.2177E-001; 2.1400E+002; 5.1862E-001; 2.1400E+002; 3.2506E-003;
 2.1500E+002; 1.2952E-005; 2.1500E+002; 2.9341E-003; 2.1500E+002; 4.6086E-002; 2.1500E+002; 1.4791E-001; 2.1500E+002; 3.1796E-001; 2.1500E+002; 5.1443E-001; 2.1500E+002; 3.2100E-003;
 2.1600E+002; 1.2876E-005; 2.1600E+002; 2.9033E-003; 2.1600E+002; 4.5268E-002; 2.1600E+002; 1.4601E-001; 2.1600E+002; 3.1419E-001; 2.1600E+002; 5.1021E-001; 2.1600E+002; 3.1702E-003;
 2.1700E+002; 1.2804E-005; 2.1700E+002; 2.8721E-003; 2.1700E+002; 4.4456E-002; 2.1700E+002; 1.4412E-001; 2.1700E+002; 3.1046E-001; 2.1700E+002; 5.0596E-001; 2.1700E+002; 3.1312E-003;
 2.1800E+002; 1.2735E-005; 2.1800E+002; 2.8406E-003; 2.1800E+002; 4.3651E-002; 2.1800E+002; 1.4225E-001; 2.1800E+002; 3.0676E-001; 2.1800E+002; 5.0169E-001; 2.1800E+002; 3.0930E-003;
 2.1900E+002; 1.2664E-005; 2.1900E+002; 2.8092E-003; 2.1900E+002; 4.2855E-002; 2.1900E+002; 1.4040E-001; 2.1900E+002; 3.0310E-001; 2.1900E+002; 4.9738E-001; 2.1900E+002; 3.0555E-003;
 2.2000E+002; 1.2594E-005; 2.2000E+002; 2.7777E-003; 2.2000E+002; 4.2067E-002; 2.2000E+002; 1.3856E-001; 2.2000E+002; 2.9948E-001; 2.2000E+002; 4.9306E-001; 2.2000E+002; 3.0188E-003;
 2.2100E+002; 1.2528E-005; 2.2100E+002; 2.7459E-003; 2.2100E+002; 4.1287E-002; 2.2100E+002; 1.3674E-001; 2.2100E+002; 2.9590E-001; 2.2100E+002; 4.8872E-001; 2.2100E+002; 2.9828E-003;
 2.2200E+002; 1.2461E-005; 2.2200E+002; 2.7139E-003; 2.2200E+002; 4.0515E-002; 2.2200E+002; 1.3494E-001; 2.2200E+002; 2.9235E-001; 2.2200E+002; 4.8436E-001; 2.2200E+002; 2.9474E-003;
 2.2300E+002; 1.2397E-005; 2.2300E+002; 2.6810E-003; 2.2300E+002; 3.9752E-002; 2.2300E+002; 1.3315E-001; 2.2300E+002; 2.8884E-001; 2.2300E+002; 4.8000E-001; 2.2300E+002; 2.9128E-003;
 2.2400E+002; 1.2335E-005; 2.2400E+002; 2.6443E-003; 2.2400E+002; 3.8998E-002; 2.2400E+002; 1.3139E-001; 2.2400E+002; 2.8537E-001; 2.2400E+002; 4.7562E-001; 2.2400E+002; 2.8789E-003;
 2.2500E+002; 1.2279E-005; 2.2500E+002; 2.6031E-003; 2.2500E+002; 3.8239E-002; 2.2500E+002; 1.2964E-001; 2.2500E+002; 2.8195E-001; 2.2500E+002; 4.7125E-001; 2.2500E+002; 2.8456E-003;
 2.2600E+002; 1.2217E-005; 2.2600E+002; 2.5684E-003; 2.2600E+002; 3.7481E-002; 2.2600E+002; 1.2789E-001; 2.2600E+002; 2.7854E-001; 2.2600E+002; 4.6687E-001; 2.2600E+002; 2.8131E-003;
 2.2700E+002; 1.2153E-005; 2.2700E+002; 2.5367E-003; 2.2700E+002; 3.6738E-002; 2.2700E+002; 1.2614E-001; 2.2700E+002; 2.7516E-001; 2.2700E+002; 4.6249E-001; 2.2700E+002; 2.7812E-003;
 2.2800E+002; 1.2088E-005; 2.2800E+002; 2.5068E-003; 2.2800E+002; 3.6011E-002; 2.2800E+002; 1.2442E-001; 2.2800E+002; 2.7181E-001; 2.2800E+002; 4.5810E-001; 2.2800E+002; 2.7499E-003;
 2.2900E+002; 1.2020E-005; 2.2900E+002; 2.4781E-003; 2.2900E+002; 3.5298E-002; 2.2900E+002; 1.2271E-001; 2.2900E+002; 2.6849E-001; 2.2900E+002; 4.5372E-001; 2.2900E+002; 2.7192E-003;
 2.3000E+002; 1.1960E-005; 2.3000E+002; 2.4502E-003; 2.3000E+002; 3.4599E-002; 2.3000E+002; 1.2103E-001; 2.3000E+002; 2.6521E-001; 2.3000E+002; 4.4934E-001; 2.3000E+002; 2.6891E-003;
 2.3100E+002; 1.1894E-005; 2.3100E+002; 2.4231E-003; 2.3100E+002; 3.3913E-002; 2.3100E+002; 1.1937E-001; 2.3100E+002; 2.6196E-001; 2.3100E+002; 4.4496E-001; 2.3100E+002; 2.6595E-003;
 2.3200E+002; 1.1836E-005; 2.3200E+002; 2.3962E-003; 2.3200E+002; 3.3237E-002; 2.3200E+002; 1.1773E-001; 2.3200E+002; 2.5875E-001; 2.3200E+002; 4.4060E-001; 2.3200E+002; 2.6305E-003;
 2.3300E+002; 1.1772E-005; 2.3300E+002; 2.3699E-003; 2.3300E+002; 3.2573E-002; 2.3300E+002; 1.1611E-001; 2.3300E+002; 2.5558E-001; 2.3300E+002; 4.3625E-001; 2.3300E+002; 2.6021E-003;
 2.3400E+002; 1.1709E-005; 2.3400E+002; 2.3440E-003; 2.3400E+002; 3.1919E-002; 2.3400E+002; 1.1451E-001; 2.3400E+002; 2.5244E-001; 2.3400E+002; 4.3191E-001; 2.3400E+002; 2.5742E-003;
 2.3500E+002; 1.1651E-005; 2.3500E+002; 2.3183E-003; 2.3500E+002; 3.1275E-002; 2.3500E+002; 1.1293E-001; 2.3500E+002; 2.4935E-001; 2.3500E+002; 4.2759E-001; 2.3500E+002; 2.5469E-003;
 2.3600E+002; 1.1591E-005; 2.3600E+002; 2.2929E-003; 2.3600E+002; 3.0640E-002; 2.3600E+002; 1.1137E-001; 2.3600E+002; 2.4629E-001; 2.3600E+002; 4.2329E-001; 2.3600E+002; 2.5201E-003;
 2.3700E+002; 1.1534E-005; 2.3700E+002; 2.2678E-003; 2.3700E+002; 3.0016E-002; 2.3700E+002; 1.0983E-001; 2.3700E+002; 2.4327E-001; 2.3700E+002; 4.1902E-001; 2.3700E+002; 2.4939E-003;
 2.3800E+002; 1.1476E-005; 2.3800E+002; 2.2429E-003; 2.3800E+002; 2.9401E-002; 2.3800E+002; 1.0831E-001; 2.3800E+002; 2.4028E-001; 2.3800E+002; 4.1476E-001; 2.3800E+002; 2.4681E-003;
 2.3900E+002; 1.1420E-005; 2.3900E+002; 2.2182E-003; 2.3900E+002; 2.8795E-002; 2.3900E+002; 1.0680E-001; 2.3900E+002; 2.3733E-001; 2.3900E+002; 4.1053E-001; 2.3900E+002; 2.4428E-003;
 2.4000E+002; 1.1364E-005; 2.4000E+002; 2.1938E-003; 2.4000E+002; 2.8198E-002; 2.4000E+002; 1.0531E-001; 2.4000E+002; 2.3442E-001; 2.4000E+002; 4.0633E-001; 2.4000E+002; 2.4180E-003;
