Time(min)   ;SW_00mm     ;Time(min)   ;SW_10mm     ;Time(min)   ;SW_20mm     ;Time(min)   ;SW_30mm     ;Time(min)   ;SW_40mm     ;Time(min)   ;SW_50mm     ;Time(min)   ;SW_120mm    ;
 0.0000E+000; 2.4197E-001; 0.0000E+000; 2.1803E-001; 0.0000E+000; 2.0145E-001; 0.0000E+000; 1.8971E-001; 0.0000E+000; 1.8188E-001; 0.0000E+000; 1.7737E-001; 0.0000E+000; 2.4197E-001;
 1.0000E+000; 1.1214E-001; 1.0000E+000; 2.0286E-001; 1.0000E+000; 2.0039E-001; 1.0000E+000; 1.8964E-001; 1.0000E+000; 1.8187E-001; 1.0000E+000; 1.7737E-001; 1.0000E+000; 2.1465E-001;
 2.0000E+000; 7.6161E-002; 2.0000E+000; 1.9058E-001; 2.0000E+000; 1.9952E-001; 2.0000E+000; 1.8958E-001; 2.0000E+000; 1.8187E-001; 2.0000E+000; 1.7737E-001; 2.0000E+000; 1.9664E-001;
 3.0000E+000; 6.4993E-002; 3.0000E+000; 1.8811E-001; 3.0000E+000; 1.9947E-001; 3.0000E+000; 1.8959E-001; 3.0000E+000; 1.8187E-001; 3.0000E+000; 1.7737E-001; 3.0000E+000; 1.8385E-001;
 4.0000E+000; 5.8544E-002; 4.0000E+000; 1.9078E-001; 4.0000E+000; 1.9986E-001; 4.0000E+000; 1.8963E-001; 4.0000E+000; 1.8187E-001; 4.0000E+000; 1.7737E-001; 4.0000E+000; 1.7458E-001;
 5.0000E+000; 5.3497E-002; 5.0000E+000; 1.9502E-001; 5.0000E+000; 2.0033E-001; 5.0000E+000; 1.8971E-001; 5.0000E+000; 1.8188E-001; 5.0000E+000; 1.7737E-001; 5.0000E+000; 1.6774E-001;
 6.0000E+000; 4.9217E-002; 6.0000E+000; 1.9960E-001; 6.0000E+000; 2.0077E-001; 6.0000E+000; 1.8982E-001; 6.0000E+000; 1.8190E-001; 6.0000E+000; 1.7738E-001; 6.0000E+000; 1.6261E-001;
 7.0000E+000; 4.5523E-002; 7.0000E+000; 2.0413E-001; 7.0000E+000; 2.0116E-001; 7.0000E+000; 1.8996E-001; 7.0000E+000; 1.8192E-001; 7.0000E+000; 1.7738E-001; 7.0000E+000; 1.5869E-001;
 8.0000E+000; 4.2312E-002; 8.0000E+000; 2.0845E-001; 8.0000E+000; 2.0149E-001; 8.0000E+000; 1.9009E-001; 8.0000E+000; 1.8197E-001; 8.0000E+000; 1.7739E-001; 8.0000E+000; 1.5565E-001;
 9.0000E+000; 3.9513E-002; 9.0000E+000; 2.1263E-001; 9.0000E+000; 2.0179E-001; 9.0000E+000; 1.9019E-001; 9.0000E+000; 1.8206E-001; 9.0000E+000; 1.7740E-001; 9.0000E+000; 1.5327E-001;
 1.0000E+001; 3.7045E-002; 1.0000E+001; 2.1672E-001; 1.0000E+001; 2.0206E-001; 1.0000E+001; 1.9026E-001; 1.0000E+001; 1.8217E-001; 1.0000E+001; 1.7743E-001; 1.0000E+001; 1.5138E-001;
 1.1000E+001; 3.4841E-002; 1.1000E+001; 2.2060E-001; 1.1000E+001; 2.0229E-001; 1.1000E+001; 1.9031E-001; 1.1000E+001; 1.8229E-001; 1.1000E+001; 1.7746E-001; 1.1000E+001; 1.4986E-001;
 1.2000E+001; 3.2862E-002; 1.2000E+001; 2.2427E-001; 1.2000E+001; 2.0248E-001; 1.2000E+001; 1.9034E-001; 1.2000E+001; 1.8239E-001; 1.2000E+001; 1.7754E-001; 1.2000E+001; 1.4864E-001;
 1.3000E+001; 3.1079E-002; 1.3000E+001; 2.2777E-001; 1.3000E+001; 2.0265E-001; 1.3000E+001; 1.9036E-001; 1.3000E+001; 1.8245E-001; 1.3000E+001; 1.7765E-001; 1.3000E+001; 1.4763E-001;
 1.4000E+001; 2.9466E-002; 1.4000E+001; 2.3116E-001; 1.4000E+001; 2.0277E-001; 1.4000E+001; 1.9037E-001; 1.4000E+001; 1.8250E-001; 1.4000E+001; 1.7777E-001; 1.4000E+001; 1.4680E-001;
 1.5000E+001; 2.8001E-002; 1.5000E+001; 2.3447E-001; 1.5000E+001; 2.0287E-001; 1.5000E+001; 1.9037E-001; 1.5000E+001; 1.8253E-001; 1.5000E+001; 1.7788E-001; 1.5000E+001; 1.4609E-001;
 1.6000E+001; 2.6665E-002; 1.6000E+001; 2.3776E-001; 1.6000E+001; 2.0294E-001; 1.6000E+001; 1.9036E-001; 1.6000E+001; 1.8254E-001; 1.6000E+001; 1.7795E-001; 1.6000E+001; 1.4549E-001;
 1.7000E+001; 2.5443E-002; 1.7000E+001; 2.4108E-001; 1.7000E+001; 2.0297E-001; 1.7000E+001; 1.9035E-001; 1.7000E+001; 1.8255E-001; 1.7000E+001; 1.7800E-001; 1.7000E+001; 1.4495E-001;
 1.8000E+001; 2.4321E-002; 1.8000E+001; 2.4447E-001; 1.8000E+001; 2.0299E-001; 1.8000E+001; 1.9033E-001; 1.8000E+001; 1.8255E-001; 1.8000E+001; 1.7803E-001; 1.8000E+001; 1.4447E-001;
 1.9000E+001; 2.3289E-002; 1.9000E+001; 2.4796E-001; 1.9000E+001; 2.0299E-001; 1.9000E+001; 1.9030E-001; 1.9000E+001; 1.8255E-001; 1.9000E+001; 1.7806E-001; 1.9000E+001; 1.4402E-001;
 2.0000E+001; 2.2337E-002; 2.0000E+001; 2.5160E-001; 2.0000E+001; 2.0297E-001; 2.0000E+001; 1.9027E-001; 2.0000E+001; 1.8254E-001; 2.0000E+001; 1.7807E-001; 2.0000E+001; 1.4359E-001;
 2.1000E+001; 2.1459E-002; 2.1000E+001; 2.5545E-001; 2.1000E+001; 2.0296E-001; 2.1000E+001; 1.9023E-001; 2.1000E+001; 1.8252E-001; 2.1000E+001; 1.7807E-001; 2.1000E+001; 1.4316E-001;
 2.2000E+001; 2.0649E-002; 2.2000E+001; 2.5958E-001; 2.2000E+001; 2.0297E-001; 2.2000E+001; 1.9019E-001; 2.2000E+001; 1.8251E-001; 2.2000E+001; 1.7807E-001; 2.2000E+001; 1.4272E-001;
 2.3000E+001; 1.9904E-002; 2.3000E+001; 2.6408E-001; 2.3000E+001; 2.0301E-001; 2.3000E+001; 1.9014E-001; 2.3000E+001; 1.8248E-001; 2.3000E+001; 1.7807E-001; 2.3000E+001; 1.4226E-001;
 2.4000E+001; 1.9223E-002; 2.4000E+001; 2.6906E-001; 2.4000E+001; 2.0312E-001; 2.4000E+001; 1.9009E-001; 2.4000E+001; 1.8246E-001; 2.4000E+001; 1.7806E-001; 2.4000E+001; 1.4177E-001;
 2.5000E+001; 1.8607E-002; 2.5000E+001; 2.7462E-001; 2.5000E+001; 2.0333E-001; 2.5000E+001; 1.9003E-001; 2.5000E+001; 1.8243E-001; 2.5000E+001; 1.7805E-001; 2.5000E+001; 1.4124E-001;
 2.6000E+001; 1.8053E-002; 2.6000E+001; 2.8070E-001; 2.6000E+001; 2.0363E-001; 2.6000E+001; 1.8997E-001; 2.6000E+001; 1.8239E-001; 2.6000E+001; 1.7804E-001; 2.6000E+001; 1.4066E-001;
 2.7000E+001; 1.7557E-002; 2.7000E+001; 2.8699E-001; 2.7000E+001; 2.0403E-001; 2.7000E+001; 1.8991E-001; 2.7000E+001; 1.8236E-001; 2.7000E+001; 1.7802E-001; 2.7000E+001; 1.4004E-001;
 2.8000E+001; 1.7106E-002; 2.8000E+001; 2.9280E-001; 2.8000E+001; 2.0446E-001; 2.8000E+001; 1.8986E-001; 2.8000E+001; 1.8231E-001; 2.8000E+001; 1.7800E-001; 2.8000E+001; 1.3936E-001;
 2.9000E+001; 1.6690E-002; 2.9000E+001; 2.9724E-001; 2.9000E+001; 2.0489E-001; 2.9000E+001; 1.8983E-001; 2.9000E+001; 1.8227E-001; 2.9000E+001; 1.7797E-001; 2.9000E+001; 1.3862E-001;
 3.0000E+001; 1.6299E-002; 3.0000E+001; 2.9951E-001; 3.0000E+001; 2.0526E-001; 3.0000E+001; 1.8984E-001; 3.0000E+001; 1.8223E-001; 3.0000E+001; 1.7795E-001; 3.0000E+001; 1.3782E-001;
 3.1000E+001; 1.5931E-002; 3.1000E+001; 2.9916E-001; 3.1000E+001; 2.0558E-001; 3.1000E+001; 1.8989E-001; 3.1000E+001; 1.8218E-001; 3.1000E+001; 1.7792E-001; 3.1000E+001; 1.3696E-001;
 3.2000E+001; 1.5582E-002; 3.2000E+001; 2.9610E-001; 3.2000E+001; 2.0585E-001; 3.2000E+001; 1.9000E-001; 3.2000E+001; 1.8215E-001; 3.2000E+001; 1.7789E-001; 3.2000E+001; 1.3603E-001;
 3.3000E+001; 1.5250E-002; 3.3000E+001; 2.9054E-001; 3.3000E+001; 2.0609E-001; 3.3000E+001; 1.9017E-001; 3.3000E+001; 1.8212E-001; 3.3000E+001; 1.7786E-001; 3.3000E+001; 1.3505E-001;
 3.4000E+001; 1.4932E-002; 3.4000E+001; 2.8276E-001; 3.4000E+001; 2.0632E-001; 3.4000E+001; 1.9039E-001; 3.4000E+001; 1.8211E-001; 3.4000E+001; 1.7783E-001; 3.4000E+001; 1.3400E-001;
 3.5000E+001; 1.4626E-002; 3.5000E+001; 2.7301E-001; 3.5000E+001; 2.0655E-001; 3.5000E+001; 1.9066E-001; 3.5000E+001; 1.8210E-001; 3.5000E+001; 1.7780E-001; 3.5000E+001; 1.3289E-001;
 3.6000E+001; 1.4332E-002; 3.6000E+001; 2.6150E-001; 3.6000E+001; 2.0680E-001; 3.6000E+001; 1.9097E-001; 3.6000E+001; 1.8211E-001; 3.6000E+001; 1.7777E-001; 3.6000E+001; 1.3173E-001;
 3.7000E+001; 1.4046E-002; 3.7000E+001; 2.4839E-001; 3.7000E+001; 2.0705E-001; 3.7000E+001; 1.9131E-001; 3.7000E+001; 1.8213E-001; 3.7000E+001; 1.7775E-001; 3.7000E+001; 1.3052E-001;
 3.8000E+001; 1.3770E-002; 3.8000E+001; 2.3385E-001; 3.8000E+001; 2.0732E-001; 3.8000E+001; 1.9168E-001; 3.8000E+001; 1.8216E-001; 3.8000E+001; 1.7772E-001; 3.8000E+001; 1.2926E-001;
 3.9000E+001; 1.3503E-002; 3.9000E+001; 2.1810E-001; 3.9000E+001; 2.0760E-001; 3.9000E+001; 1.9206E-001; 3.9000E+001; 1.8221E-001; 3.9000E+001; 1.7770E-001; 3.9000E+001; 1.2795E-001;
 4.0000E+001; 1.3244E-002; 4.0000E+001; 2.0152E-001; 4.0000E+001; 2.0791E-001; 4.0000E+001; 1.9246E-001; 4.0000E+001; 1.8228E-001; 4.0000E+001; 1.7769E-001; 4.0000E+001; 1.2661E-001;
 4.1000E+001; 1.2994E-002; 4.1000E+001; 1.8459E-001; 4.1000E+001; 2.0827E-001; 4.1000E+001; 1.9287E-001; 4.1000E+001; 1.8238E-001; 4.1000E+001; 1.7768E-001; 4.1000E+001; 1.2523E-001;
 4.2000E+001; 1.2751E-002; 4.2000E+001; 1.6795E-001; 4.2000E+001; 2.0873E-001; 4.2000E+001; 1.9329E-001; 4.2000E+001; 1.8249E-001; 4.2000E+001; 1.7768E-001; 4.2000E+001; 1.2382E-001;
 4.3000E+001; 1.2516E-002; 4.3000E+001; 1.5221E-001; 4.3000E+001; 2.0932E-001; 4.3000E+001; 1.9372E-001; 4.3000E+001; 1.8262E-001; 4.3000E+001; 1.7769E-001; 4.3000E+001; 1.2239E-001;
 4.4000E+001; 1.2287E-002; 4.4000E+001; 1.3787E-001; 4.4000E+001; 2.1010E-001; 4.4000E+001; 1.9416E-001; 4.4000E+001; 1.8277E-001; 4.4000E+001; 1.7770E-001; 4.4000E+001; 1.2093E-001;
 4.5000E+001; 1.2063E-002; 4.5000E+001; 1.2517E-001; 4.5000E+001; 2.1110E-001; 4.5000E+001; 1.9460E-001; 4.5000E+001; 1.8294E-001; 4.5000E+001; 1.7772E-001; 4.5000E+001; 1.1946E-001;
 4.6000E+001; 1.1845E-002; 4.6000E+001; 1.1417E-001; 4.6000E+001; 2.1235E-001; 4.6000E+001; 1.9505E-001; 4.6000E+001; 1.8312E-001; 4.6000E+001; 1.7775E-001; 4.6000E+001; 1.1798E-001;
 4.7000E+001; 1.1633E-002; 4.7000E+001; 1.0472E-001; 4.7000E+001; 2.1384E-001; 4.7000E+001; 1.9550E-001; 4.7000E+001; 1.8332E-001; 4.7000E+001; 1.7778E-001; 4.7000E+001; 1.1649E-001;
 4.8000E+001; 1.1427E-002; 4.8000E+001; 9.6625E-002; 4.8000E+001; 2.1555E-001; 4.8000E+001; 1.9594E-001; 4.8000E+001; 1.8354E-001; 4.8000E+001; 1.7782E-001; 4.8000E+001; 1.1499E-001;
 4.9000E+001; 1.1227E-002; 4.9000E+001; 8.9677E-002; 4.9000E+001; 2.1743E-001; 4.9000E+001; 1.9638E-001; 4.9000E+001; 1.8376E-001; 4.9000E+001; 1.7786E-001; 4.9000E+001; 1.1350E-001;
 5.0000E+001; 1.1032E-002; 5.0000E+001; 8.3679E-002; 5.0000E+001; 2.1943E-001; 5.0000E+001; 1.9679E-001; 5.0000E+001; 1.8401E-001; 5.0000E+001; 1.7791E-001; 5.0000E+001; 1.1200E-001;
 5.1000E+001; 1.0843E-002; 5.1000E+001; 7.8467E-002; 5.1000E+001; 2.2147E-001; 5.1000E+001; 1.9718E-001; 5.1000E+001; 1.8426E-001; 5.1000E+001; 1.7797E-001; 5.1000E+001; 1.1051E-001;
 5.2000E+001; 1.0660E-002; 5.2000E+001; 7.3904E-002; 5.2000E+001; 2.2343E-001; 5.2000E+001; 1.9755E-001; 5.2000E+001; 1.8452E-001; 5.2000E+001; 1.7802E-001; 5.2000E+001; 1.0903E-001;
 5.3000E+001; 1.0482E-002; 5.3000E+001; 6.9879E-002; 5.3000E+001; 2.2520E-001; 5.3000E+001; 1.9787E-001; 5.3000E+001; 1.8479E-001; 5.3000E+001; 1.7809E-001; 5.3000E+001; 1.0755E-001;
 5.4000E+001; 1.0309E-002; 5.4000E+001; 6.6296E-002; 5.4000E+001; 2.2659E-001; 5.4000E+001; 1.9816E-001; 5.4000E+001; 1.8506E-001; 5.4000E+001; 1.7817E-001; 5.4000E+001; 1.0609E-001;
 5.5000E+001; 1.0140E-002; 5.5000E+001; 6.3076E-002; 5.5000E+001; 2.2744E-001; 5.5000E+001; 1.9840E-001; 5.5000E+001; 1.8534E-001; 5.5000E+001; 1.7825E-001; 5.5000E+001; 1.0464E-001;
 5.6000E+001; 9.9759E-003; 5.6000E+001; 6.0153E-002; 5.6000E+001; 2.2753E-001; 5.6000E+001; 1.9859E-001; 5.6000E+001; 1.8561E-001; 5.6000E+001; 1.7835E-001; 5.6000E+001; 1.0321E-001;
 5.7000E+001; 9.8155E-003; 5.7000E+001; 5.7478E-002; 5.7000E+001; 2.2668E-001; 5.7000E+001; 1.9874E-001; 5.7000E+001; 1.8588E-001; 5.7000E+001; 1.7845E-001; 5.7000E+001; 1.0179E-001;
 5.8000E+001; 9.6586E-003; 5.8000E+001; 5.5013E-002; 5.8000E+001; 2.2475E-001; 5.8000E+001; 1.9885E-001; 5.8000E+001; 1.8616E-001; 5.8000E+001; 1.7857E-001; 5.8000E+001; 1.0040E-001;
 5.9000E+001; 9.5049E-003; 5.9000E+001; 5.2733E-002; 5.9000E+001; 2.2164E-001; 5.9000E+001; 1.9891E-001; 5.9000E+001; 1.8644E-001; 5.9000E+001; 1.7869E-001; 5.9000E+001; 9.9021E-002;
 6.0000E+001; 9.3544E-003; 6.0000E+001; 5.0623E-002; 6.0000E+001; 2.1734E-001; 6.0000E+001; 1.9895E-001; 6.0000E+001; 1.8671E-001; 6.0000E+001; 1.7883E-001; 6.0000E+001; 9.7664E-002;
 6.1000E+001; 9.2070E-003; 6.1000E+001; 4.8671E-002; 6.1000E+001; 2.1189E-001; 6.1000E+001; 1.9898E-001; 6.1000E+001; 1.8699E-001; 6.1000E+001; 1.7897E-001; 6.1000E+001; 9.6330E-002;
 6.2000E+001; 9.0625E-003; 6.2000E+001; 4.6867E-002; 6.2000E+001; 2.0539E-001; 6.2000E+001; 1.9899E-001; 6.2000E+001; 1.8727E-001; 6.2000E+001; 1.7913E-001; 6.2000E+001; 9.5017E-002;
 6.3000E+001; 8.9210E-003; 6.3000E+001; 4.5202E-002; 6.3000E+001; 1.9799E-001; 6.3000E+001; 1.9901E-001; 6.3000E+001; 1.8754E-001; 6.3000E+001; 1.7929E-001; 6.3000E+001; 9.3727E-002;
 6.4000E+001; 8.7825E-003; 6.4000E+001; 4.3664E-002; 6.4000E+001; 1.8988E-001; 6.4000E+001; 1.9905E-001; 6.4000E+001; 1.8782E-001; 6.4000E+001; 1.7946E-001; 6.4000E+001; 9.2459E-002;
 6.5000E+001; 8.6468E-003; 6.5000E+001; 4.2244E-002; 6.5000E+001; 1.8127E-001; 6.5000E+001; 1.9913E-001; 6.5000E+001; 1.8809E-001; 6.5000E+001; 1.7964E-001; 6.5000E+001; 9.1215E-002;
 6.6000E+001; 8.5140E-003; 6.6000E+001; 4.0929E-002; 6.6000E+001; 1.7237E-001; 6.6000E+001; 1.9924E-001; 6.6000E+001; 1.8835E-001; 6.6000E+001; 1.7982E-001; 6.6000E+001; 8.9993E-002;
 6.7000E+001; 8.3840E-003; 6.7000E+001; 3.9708E-002; 6.7000E+001; 1.6342E-001; 6.7000E+001; 1.9940E-001; 6.7000E+001; 1.8861E-001; 6.7000E+001; 1.8002E-001; 6.7000E+001; 8.8795E-002;
 6.8000E+001; 8.2566E-003; 6.8000E+001; 3.8569E-002; 6.8000E+001; 1.5459E-001; 6.8000E+001; 1.9962E-001; 6.8000E+001; 1.8886E-001; 6.8000E+001; 1.8021E-001; 6.8000E+001; 8.7618E-002;
 6.9000E+001; 8.1317E-003; 6.9000E+001; 3.7502E-002; 6.9000E+001; 1.4606E-001; 6.9000E+001; 1.9990E-001; 6.9000E+001; 1.8909E-001; 6.9000E+001; 1.8041E-001; 6.9000E+001; 8.6465E-002;
 7.0000E+001; 8.0092E-003; 7.0000E+001; 3.6497E-002; 7.0000E+001; 1.3795E-001; 7.0000E+001; 2.0023E-001; 7.0000E+001; 1.8931E-001; 7.0000E+001; 1.8061E-001; 7.0000E+001; 8.5333E-002;
 7.1000E+001; 7.8889E-003; 7.1000E+001; 3.5546E-002; 7.1000E+001; 1.3035E-001; 7.1000E+001; 2.0060E-001; 7.1000E+001; 1.8951E-001; 7.1000E+001; 1.8080E-001; 7.1000E+001; 8.4222E-002;
 7.2000E+001; 7.7707E-003; 7.2000E+001; 3.4644E-002; 7.2000E+001; 1.2330E-001; 7.2000E+001; 2.0099E-001; 7.2000E+001; 1.8969E-001; 7.2000E+001; 1.8100E-001; 7.2000E+001; 8.3133E-002;
 7.3000E+001; 7.6544E-003; 7.3000E+001; 3.3786E-002; 7.3000E+001; 1.1681E-001; 7.3000E+001; 2.0139E-001; 7.3000E+001; 1.8984E-001; 7.3000E+001; 1.8120E-001; 7.3000E+001; 8.2064E-002;
 7.4000E+001; 7.5400E-003; 7.4000E+001; 3.2968E-002; 7.4000E+001; 1.1087E-001; 7.4000E+001; 2.0176E-001; 7.4000E+001; 1.8998E-001; 7.4000E+001; 1.8139E-001; 7.4000E+001; 8.1016E-002;
 7.5000E+001; 7.4275E-003; 7.5000E+001; 3.2188E-002; 7.5000E+001; 1.0544E-001; 7.5000E+001; 2.0206E-001; 7.5000E+001; 1.9008E-001; 7.5000E+001; 1.8158E-001; 7.5000E+001; 7.9988E-002;
 7.6000E+001; 7.3167E-003; 7.6000E+001; 3.1444E-002; 7.6000E+001; 1.0048E-001; 7.6000E+001; 2.0225E-001; 7.6000E+001; 1.9016E-001; 7.6000E+001; 1.8177E-001; 7.6000E+001; 7.8978E-002;
 7.7000E+001; 7.2076E-003; 7.7000E+001; 3.0736E-002; 7.7000E+001; 9.5962E-002; 7.7000E+001; 2.0228E-001; 7.7000E+001; 1.9020E-001; 7.7000E+001; 1.8196E-001; 7.7000E+001; 7.7988E-002;
 7.8000E+001; 7.1002E-003; 7.8000E+001; 3.0062E-002; 7.8000E+001; 9.1831E-002; 7.8000E+001; 2.0210E-001; 7.8000E+001; 1.9022E-001; 7.8000E+001; 1.8214E-001; 7.8000E+001; 7.7016E-002;
 7.9000E+001; 6.9944E-003; 7.9000E+001; 2.9420E-002; 7.9000E+001; 8.8047E-002; 7.9000E+001; 2.0167E-001; 7.9000E+001; 1.9021E-001; 7.9000E+001; 1.8232E-001; 7.9000E+001; 7.6061E-002;
 8.0000E+001; 6.8902E-003; 8.0000E+001; 2.8808E-002; 8.0000E+001; 8.4571E-002; 8.0000E+001; 2.0093E-001; 8.0000E+001; 1.9017E-001; 8.0000E+001; 1.8250E-001; 8.0000E+001; 7.5125E-002;
 8.1000E+001; 6.7875E-003; 8.1000E+001; 2.8225E-002; 8.1000E+001; 8.1367E-002; 8.1000E+001; 1.9984E-001; 8.1000E+001; 1.9011E-001; 8.1000E+001; 1.8267E-001; 8.1000E+001; 7.4205E-002;
 8.2000E+001; 6.6863E-003; 8.2000E+001; 2.7669E-002; 8.2000E+001; 7.8406E-002; 8.2000E+001; 1.9837E-001; 8.2000E+001; 1.9002E-001; 8.2000E+001; 1.8283E-001; 8.2000E+001; 7.3302E-002;
 8.3000E+001; 6.5866E-003; 8.3000E+001; 2.7136E-002; 8.3000E+001; 7.5661E-002; 8.3000E+001; 1.9650E-001; 8.3000E+001; 1.8992E-001; 8.3000E+001; 1.8299E-001; 8.3000E+001; 7.2414E-002;
 8.4000E+001; 6.4882E-003; 8.4000E+001; 2.6626E-002; 8.4000E+001; 7.3108E-002; 8.4000E+001; 1.9420E-001; 8.4000E+001; 1.8980E-001; 8.4000E+001; 1.8314E-001; 8.4000E+001; 7.1543E-002;
 8.5000E+001; 6.3911E-003; 8.5000E+001; 2.6136E-002; 8.5000E+001; 7.0731E-002; 8.5000E+001; 1.9150E-001; 8.5000E+001; 1.8966E-001; 8.5000E+001; 1.8328E-001; 8.5000E+001; 7.0688E-002;
 8.6000E+001; 6.2953E-003; 8.6000E+001; 2.5664E-002; 8.6000E+001; 6.8512E-002; 8.6000E+001; 1.8839E-001; 8.6000E+001; 1.8952E-001; 8.6000E+001; 1.8341E-001; 8.6000E+001; 6.9847E-002;
 8.7000E+001; 6.2007E-003; 8.7000E+001; 2.5210E-002; 8.7000E+001; 6.6439E-002; 8.7000E+001; 1.8491E-001; 8.7000E+001; 1.8936E-001; 8.7000E+001; 1.8353E-001; 8.7000E+001; 6.9021E-002;
 8.8000E+001; 6.1073E-003; 8.8000E+001; 2.4771E-002; 8.8000E+001; 6.4500E-002; 8.8000E+001; 1.8109E-001; 8.8000E+001; 1.8921E-001; 8.8000E+001; 1.8363E-001; 8.8000E+001; 6.8210E-002;
 8.9000E+001; 6.0150E-003; 8.9000E+001; 2.4347E-002; 8.9000E+001; 6.2684E-002; 8.9000E+001; 1.7699E-001; 8.9000E+001; 1.8906E-001; 8.9000E+001; 1.8373E-001; 8.9000E+001; 6.7413E-002;
 9.0000E+001; 5.9237E-003; 9.0000E+001; 2.3938E-002; 9.0000E+001; 6.0983E-002; 9.0000E+001; 1.7266E-001; 9.0000E+001; 1.8890E-001; 9.0000E+001; 1.8380E-001; 9.0000E+001; 6.6630E-002;
 9.1000E+001; 5.8336E-003; 9.1000E+001; 2.3542E-002; 9.1000E+001; 5.9387E-002; 9.1000E+001; 1.6815E-001; 9.1000E+001; 1.8875E-001; 9.1000E+001; 1.8387E-001; 9.1000E+001; 6.5861E-002;
 9.2000E+001; 5.7444E-003; 9.2000E+001; 2.3158E-002; 9.2000E+001; 5.7888E-002; 9.2000E+001; 1.6353E-001; 9.2000E+001; 1.8860E-001; 9.2000E+001; 1.8391E-001; 9.2000E+001; 6.5106E-002;
 9.3000E+001; 5.6562E-003; 9.3000E+001; 2.2787E-002; 9.3000E+001; 5.6479E-002; 9.3000E+001; 1.5885E-001; 9.3000E+001; 1.8845E-001; 9.3000E+001; 1.8394E-001; 9.3000E+001; 6.4363E-002;
 9.4000E+001; 5.5690E-003; 9.4000E+001; 2.2428E-002; 9.4000E+001; 5.5152E-002; 9.4000E+001; 1.5416E-001; 9.4000E+001; 1.8830E-001; 9.4000E+001; 1.8394E-001; 9.4000E+001; 6.3634E-002;
 9.5000E+001; 5.4828E-003; 9.5000E+001; 2.2080E-002; 9.5000E+001; 5.3900E-002; 9.5000E+001; 1.4951E-001; 9.5000E+001; 1.8814E-001; 9.5000E+001; 1.8393E-001; 9.5000E+001; 6.2918E-002;
 9.6000E+001; 5.3975E-003; 9.6000E+001; 2.1742E-002; 9.6000E+001; 5.2718E-002; 9.6000E+001; 1.4494E-001; 9.6000E+001; 1.8796E-001; 9.6000E+001; 1.8390E-001; 9.6000E+001; 6.2214E-002;
 9.7000E+001; 5.3131E-003; 9.7000E+001; 2.1413E-002; 9.7000E+001; 5.1599E-002; 9.7000E+001; 1.4049E-001; 9.7000E+001; 1.8777E-001; 9.7000E+001; 1.8384E-001; 9.7000E+001; 6.1523E-002;
 9.8000E+001; 5.2297E-003; 9.8000E+001; 2.1093E-002; 9.8000E+001; 5.0538E-002; 9.8000E+001; 1.3618E-001; 9.8000E+001; 1.8756E-001; 9.8000E+001; 1.8377E-001; 9.8000E+001; 6.0844E-002;
 9.9000E+001; 5.1472E-003; 9.9000E+001; 2.0781E-002; 9.9000E+001; 4.9529E-002; 9.9000E+001; 1.3203E-001; 9.9000E+001; 1.8731E-001; 9.9000E+001; 1.8367E-001; 9.9000E+001; 6.0177E-002;
 1.0000E+002; 5.0658E-003; 1.0000E+002; 2.0475E-002; 1.0000E+002; 4.8567E-002; 1.0000E+002; 1.2806E-001; 1.0000E+002; 1.8702E-001; 1.0000E+002; 1.8354E-001; 1.0000E+002; 5.9522E-002;
 1.0100E+002; 4.9858E-003; 1.0100E+002; 2.0171E-002; 1.0100E+002; 4.7646E-002; 1.0100E+002; 1.2427E-001; 1.0100E+002; 1.8668E-001; 1.0100E+002; 1.8339E-001; 1.0100E+002; 5.8879E-002;
 1.0200E+002; 4.9062E-003; 1.0200E+002; 1.9870E-002; 1.0200E+002; 4.6758E-002; 1.0200E+002; 1.2067E-001; 1.0200E+002; 1.8627E-001; 1.0200E+002; 1.8323E-001; 1.0200E+002; 5.8248E-002;
 1.0300E+002; 4.8257E-003; 1.0300E+002; 1.9603E-002; 1.0300E+002; 4.5887E-002; 1.0300E+002; 1.1725E-001; 1.0300E+002; 1.8581E-001; 1.0300E+002; 1.8303E-001; 1.0300E+002; 5.7628E-002;
 1.0400E+002; 4.7456E-003; 1.0400E+002; 1.9348E-002; 1.0400E+002; 4.5071E-002; 1.0400E+002; 1.1400E-001; 1.0400E+002; 1.8526E-001; 1.0400E+002; 1.8282E-001; 1.0400E+002; 5.7019E-002;
 1.0500E+002; 4.6661E-003; 1.0500E+002; 1.9094E-002; 1.0500E+002; 4.4330E-002; 1.0500E+002; 1.1090E-001; 1.0500E+002; 1.8464E-001; 1.0500E+002; 1.8258E-001; 1.0500E+002; 5.6422E-002;
 1.0600E+002; 4.5872E-003; 1.0600E+002; 1.8845E-002; 1.0600E+002; 4.3645E-002; 1.0600E+002; 1.0795E-001; 1.0600E+002; 1.8393E-001; 1.0600E+002; 1.8232E-001; 1.0600E+002; 5.5836E-002;
 1.0700E+002; 4.5090E-003; 1.0700E+002; 1.8598E-002; 1.0700E+002; 4.3005E-002; 1.0700E+002; 1.0514E-001; 1.0700E+002; 1.8314E-001; 1.0700E+002; 1.8204E-001; 1.0700E+002; 5.5260E-002;
 1.0800E+002; 4.4314E-003; 1.0800E+002; 1.8356E-002; 1.0800E+002; 4.2383E-002; 1.0800E+002; 1.0251E-001; 1.0800E+002; 1.8226E-001; 1.0800E+002; 1.8174E-001; 1.0800E+002; 5.4696E-002;
 1.0900E+002; 4.3544E-003; 1.0900E+002; 1.8116E-002; 1.0900E+002; 4.1787E-002; 1.0900E+002; 1.0006E-001; 1.0900E+002; 1.8131E-001; 1.0900E+002; 1.8141E-001; 1.0900E+002; 5.4143E-002;
 1.1000E+002; 4.2780E-003; 1.1000E+002; 1.7879E-002; 1.1000E+002; 4.1217E-002; 1.1000E+002; 9.7800E-002; 1.1000E+002; 1.8029E-001; 1.1000E+002; 1.8107E-001; 1.1000E+002; 5.3600E-002;
 1.1100E+002; 4.2024E-003; 1.1100E+002; 1.7645E-002; 1.1100E+002; 4.0669E-002; 1.1100E+002; 9.5707E-002; 1.1100E+002; 1.7923E-001; 1.1100E+002; 1.8072E-001; 1.1100E+002; 5.3068E-002;
 1.1200E+002; 4.1275E-003; 1.1200E+002; 1.7414E-002; 1.1200E+002; 4.0143E-002; 1.1200E+002; 9.3762E-002; 1.1200E+002; 1.7800E-001; 1.1200E+002; 1.8034E-001; 1.1200E+002; 5.2546E-002;
 1.1300E+002; 4.0535E-003; 1.1300E+002; 1.7181E-002; 1.1300E+002; 3.9638E-002; 1.1300E+002; 9.1955E-002; 1.1300E+002; 1.7659E-001; 1.1300E+002; 1.7993E-001; 1.1300E+002; 5.2035E-002;
 1.1400E+002; 3.9790E-003; 1.1400E+002; 1.6954E-002; 1.1400E+002; 3.9150E-002; 1.1400E+002; 9.0264E-002; 1.1400E+002; 1.7505E-001; 1.1400E+002; 1.7954E-001; 1.1400E+002; 5.1535E-002;
 1.1500E+002; 3.9052E-003; 1.1500E+002; 1.6735E-002; 1.1500E+002; 3.8682E-002; 1.1500E+002; 8.8685E-002; 1.1500E+002; 1.7336E-001; 1.1500E+002; 1.7919E-001; 1.1500E+002; 5.1045E-002;
 1.1600E+002; 3.8320E-003; 1.1600E+002; 1.6520E-002; 1.1600E+002; 3.8234E-002; 1.1600E+002; 8.7216E-002; 1.1600E+002; 1.7166E-001; 1.1600E+002; 1.7881E-001; 1.1600E+002; 5.0566E-002;
 1.1700E+002; 3.7595E-003; 1.1700E+002; 1.6310E-002; 1.1700E+002; 3.7806E-002; 1.1700E+002; 8.5850E-002; 1.1700E+002; 1.6998E-001; 1.1700E+002; 1.7839E-001; 1.1700E+002; 5.0097E-002;
 1.1800E+002; 3.6878E-003; 1.1800E+002; 1.6104E-002; 1.1800E+002; 3.7397E-002; 1.1800E+002; 8.4579E-002; 1.1800E+002; 1.6830E-001; 1.1800E+002; 1.7787E-001; 1.1800E+002; 4.9640E-002;
 1.1900E+002; 3.6169E-003; 1.1900E+002; 1.5901E-002; 1.1900E+002; 3.7004E-002; 1.1900E+002; 8.3398E-002; 1.1900E+002; 1.6664E-001; 1.1900E+002; 1.7729E-001; 1.1900E+002; 4.9193E-002;
 1.2000E+002; 3.5468E-003; 1.2000E+002; 1.5701E-002; 1.2000E+002; 3.6628E-002; 1.2000E+002; 8.2303E-002; 1.2000E+002; 1.6502E-001; 1.2000E+002; 1.7669E-001; 1.2000E+002; 4.8757E-002;
 1.2100E+002; 3.4776E-003; 1.2100E+002; 1.5504E-002; 1.2100E+002; 3.6268E-002; 1.2100E+002; 8.1286E-002; 1.2100E+002; 1.6343E-001; 1.2100E+002; 1.7605E-001; 1.2100E+002; 4.8333E-002;
 1.2200E+002; 3.4094E-003; 1.2200E+002; 1.5309E-002; 1.2200E+002; 3.5922E-002; 1.2200E+002; 8.0343E-002; 1.2200E+002; 1.6188E-001; 1.2200E+002; 1.7536E-001; 1.2200E+002; 4.7920E-002;
 1.2300E+002; 3.3422E-003; 1.2300E+002; 1.5117E-002; 1.2300E+002; 3.5590E-002; 1.2300E+002; 7.9468E-002; 1.2300E+002; 1.6038E-001; 1.2300E+002; 1.7464E-001; 1.2300E+002; 4.7519E-002;
 1.2400E+002; 3.2763E-003; 1.2400E+002; 1.4927E-002; 1.2400E+002; 3.5271E-002; 1.2400E+002; 7.8657E-002; 1.2400E+002; 1.5892E-001; 1.2400E+002; 1.7389E-001; 1.2400E+002; 4.7131E-002;
 1.2500E+002; 3.2114E-003; 1.2500E+002; 1.4739E-002; 1.2500E+002; 3.4965E-002; 1.2500E+002; 7.7904E-002; 1.2500E+002; 1.5752E-001; 1.2500E+002; 1.7309E-001; 1.2500E+002; 4.6755E-002;
 1.2600E+002; 3.1482E-003; 1.2600E+002; 1.4554E-002; 1.2600E+002; 3.4671E-002; 1.2600E+002; 7.7204E-002; 1.2600E+002; 1.5615E-001; 1.2600E+002; 1.7226E-001; 1.2600E+002; 4.6392E-002;
 1.2700E+002; 3.0866E-003; 1.2700E+002; 1.4371E-002; 1.2700E+002; 3.4389E-002; 1.2700E+002; 7.6553E-002; 1.2700E+002; 1.5483E-001; 1.2700E+002; 1.7140E-001; 1.2700E+002; 4.6043E-002;
 1.2800E+002; 3.0269E-003; 1.2800E+002; 1.4190E-002; 1.2800E+002; 3.4116E-002; 1.2800E+002; 7.5944E-002; 1.2800E+002; 1.5355E-001; 1.2800E+002; 1.7050E-001; 1.2800E+002; 4.5708E-002;
 1.2900E+002; 2.9695E-003; 1.2900E+002; 1.4010E-002; 1.2900E+002; 3.3853E-002; 1.2900E+002; 7.5372E-002; 1.2900E+002; 1.5230E-001; 1.2900E+002; 1.6957E-001; 1.2900E+002; 4.5387E-002;
 1.3000E+002; 2.9118E-003; 1.3000E+002; 1.3812E-002; 1.3000E+002; 3.3570E-002; 1.3000E+002; 7.4809E-002; 1.3000E+002; 1.5106E-001; 1.3000E+002; 1.6861E-001; 1.3000E+002; 4.5081E-002;
 1.3100E+002; 2.8622E-003; 1.3100E+002; 1.3600E-002; 1.3100E+002; 3.3254E-002; 1.3100E+002; 7.4223E-002; 1.3100E+002; 1.4982E-001; 1.3100E+002; 1.6761E-001; 1.3100E+002; 4.4789E-002;
 1.3200E+002; 2.8191E-003; 1.3200E+002; 1.3385E-002; 1.3200E+002; 3.2917E-002; 1.3200E+002; 7.3615E-002; 1.3200E+002; 1.4858E-001; 1.3200E+002; 1.6657E-001; 1.3200E+002; 4.4507E-002;
 1.3300E+002; 2.7815E-003; 1.3300E+002; 1.3172E-002; 1.3300E+002; 3.2564E-002; 1.3300E+002; 7.2988E-002; 1.3300E+002; 1.4734E-001; 1.3300E+002; 1.6551E-001; 1.3300E+002; 4.4230E-002;
 1.3400E+002; 2.7516E-003; 1.3400E+002; 1.2962E-002; 1.3400E+002; 3.2198E-002; 1.3400E+002; 7.2339E-002; 1.3400E+002; 1.4609E-001; 1.3400E+002; 1.6443E-001; 1.3400E+002; 4.3951E-002;
 1.3500E+002; 2.7448E-003; 1.3500E+002; 1.2756E-002; 1.3500E+002; 3.1823E-002; 1.3500E+002; 7.1671E-002; 1.3500E+002; 1.4485E-001; 1.3500E+002; 1.6334E-001; 1.3500E+002; 4.3669E-002;
 1.3600E+002; 2.7431E-003; 1.3600E+002; 1.2554E-002; 1.3600E+002; 3.1442E-002; 1.3600E+002; 7.0983E-002; 1.3600E+002; 1.4362E-001; 1.3600E+002; 1.6224E-001; 1.3600E+002; 4.3381E-002;
 1.3700E+002; 2.7409E-003; 1.3700E+002; 1.2357E-002; 1.3700E+002; 3.1058E-002; 1.3700E+002; 7.0276E-002; 1.3700E+002; 1.4240E-001; 1.3700E+002; 1.6114E-001; 1.3700E+002; 4.3088E-002;
 1.3800E+002; 2.7384E-003; 1.3800E+002; 1.2167E-002; 1.3800E+002; 3.0674E-002; 1.3800E+002; 6.9552E-002; 1.3800E+002; 1.4118E-001; 1.3800E+002; 1.6005E-001; 1.3800E+002; 4.2792E-002;
 1.3900E+002; 2.7357E-003; 1.3900E+002; 1.1982E-002; 1.3900E+002; 3.0291E-002; 1.3900E+002; 6.8813E-002; 1.3900E+002; 1.3997E-001; 1.3900E+002; 1.5895E-001; 1.3900E+002; 4.2493E-002;
 1.4000E+002; 2.7328E-003; 1.4000E+002; 1.1802E-002; 1.4000E+002; 2.9911E-002; 1.4000E+002; 6.8060E-002; 1.4000E+002; 1.3877E-001; 1.4000E+002; 1.5786E-001; 1.4000E+002; 4.2192E-002;
 1.4100E+002; 2.7298E-003; 1.4100E+002; 1.1627E-002; 1.4100E+002; 2.9534E-002; 1.4100E+002; 6.7295E-002; 1.4100E+002; 1.3759E-001; 1.4100E+002; 1.5677E-001; 1.4100E+002; 4.1893E-002;
 1.4200E+002; 2.7268E-003; 1.4200E+002; 1.1457E-002; 1.4200E+002; 2.9162E-002; 1.4200E+002; 6.6520E-002; 1.4200E+002; 1.3641E-001; 1.4200E+002; 1.5570E-001; 1.4200E+002; 4.1594E-002;
 1.4300E+002; 2.7238E-003; 1.4300E+002; 1.1292E-002; 1.4300E+002; 2.8795E-002; 1.4300E+002; 6.5737E-002; 1.4300E+002; 1.3524E-001; 1.4300E+002; 1.5463E-001; 1.4300E+002; 4.1297E-002;
 1.4400E+002; 2.7208E-003; 1.4400E+002; 1.1131E-002; 1.4400E+002; 2.8433E-002; 1.4400E+002; 6.4948E-002; 1.4400E+002; 1.3407E-001; 1.4400E+002; 1.5357E-001; 1.4400E+002; 4.1003E-002;
 1.4500E+002; 2.7178E-003; 1.4500E+002; 1.0973E-002; 1.4500E+002; 2.8076E-002; 1.4500E+002; 6.4155E-002; 1.4500E+002; 1.3292E-001; 1.4500E+002; 1.5251E-001; 1.4500E+002; 4.0713E-002;
 1.4600E+002; 2.7149E-003; 1.4600E+002; 1.0819E-002; 1.4600E+002; 2.7725E-002; 1.4600E+002; 6.3360E-002; 1.4600E+002; 1.3176E-001; 1.4600E+002; 1.5147E-001; 1.4600E+002; 4.0427E-002;
 1.4700E+002; 2.7120E-003; 1.4700E+002; 1.0669E-002; 1.4700E+002; 2.7380E-002; 1.4700E+002; 6.2565E-002; 1.4700E+002; 1.3061E-001; 1.4700E+002; 1.5044E-001; 1.4700E+002; 4.0145E-002;
 1.4800E+002; 2.7091E-003; 1.4800E+002; 1.0522E-002; 1.4800E+002; 2.7040E-002; 1.4800E+002; 6.1771E-002; 1.4800E+002; 1.2946E-001; 1.4800E+002; 1.4942E-001; 1.4800E+002; 3.9866E-002;
 1.4900E+002; 2.7062E-003; 1.4900E+002; 1.0378E-002; 1.4900E+002; 2.6705E-002; 1.4900E+002; 6.0979E-002; 1.4900E+002; 1.2831E-001; 1.4900E+002; 1.4841E-001; 1.4900E+002; 3.9590E-002;
 1.5000E+002; 2.7034E-003; 1.5000E+002; 1.0236E-002; 1.5000E+002; 2.6376E-002; 1.5000E+002; 6.0191E-002; 1.5000E+002; 1.2716E-001; 1.5000E+002; 1.4742E-001; 1.5000E+002; 3.9319E-002;
 1.5100E+002; 2.7007E-003; 1.5100E+002; 1.0098E-002; 1.5100E+002; 2.6051E-002; 1.5100E+002; 5.9408E-002; 1.5100E+002; 1.2601E-001; 1.5100E+002; 1.4643E-001; 1.5100E+002; 3.9050E-002;
 1.5200E+002; 2.6980E-003; 1.5200E+002; 9.9614E-003; 1.5200E+002; 2.5732E-002; 1.5200E+002; 5.8631E-002; 1.5200E+002; 1.2484E-001; 1.5200E+002; 1.4546E-001; 1.5200E+002; 3.8785E-002;
 1.5300E+002; 2.6953E-003; 1.5300E+002; 9.8277E-003; 1.5300E+002; 2.5419E-002; 1.5300E+002; 5.7861E-002; 1.5300E+002; 1.2367E-001; 1.5300E+002; 1.4450E-001; 1.5300E+002; 3.8524E-002;
 1.5400E+002; 2.6927E-003; 1.5400E+002; 9.6963E-003; 1.5400E+002; 2.5110E-002; 1.5400E+002; 5.7098E-002; 1.5400E+002; 1.2249E-001; 1.5400E+002; 1.4355E-001; 1.5400E+002; 3.8266E-002;
 1.5500E+002; 2.6902E-003; 1.5500E+002; 9.5671E-003; 1.5500E+002; 2.4806E-002; 1.5500E+002; 5.6343E-002; 1.5500E+002; 1.2131E-001; 1.5500E+002; 1.4261E-001; 1.5500E+002; 3.8012E-002;
 1.5600E+002; 2.6877E-003; 1.5600E+002; 9.4401E-003; 1.5600E+002; 2.4506E-002; 1.5600E+002; 5.5596E-002; 1.5600E+002; 1.2011E-001; 1.5600E+002; 1.4169E-001; 1.5600E+002; 3.7761E-002;
 1.5700E+002; 2.6852E-003; 1.5700E+002; 9.3152E-003; 1.5700E+002; 2.4211E-002; 1.5700E+002; 5.4859E-002; 1.5700E+002; 1.1890E-001; 1.5700E+002; 1.4079E-001; 1.5700E+002; 3.7513E-002;
 1.5800E+002; 2.6828E-003; 1.5800E+002; 9.1923E-003; 1.5800E+002; 2.3921E-002; 1.5800E+002; 5.4131E-002; 1.5800E+002; 1.1768E-001; 1.5800E+002; 1.3989E-001; 1.5800E+002; 3.7269E-002;
 1.5900E+002; 2.6804E-003; 1.5900E+002; 9.0713E-003; 1.5900E+002; 2.3635E-002; 1.5900E+002; 5.3412E-002; 1.5900E+002; 1.1644E-001; 1.5900E+002; 1.3901E-001; 1.5900E+002; 3.7029E-002;
 1.6000E+002; 2.6780E-003; 1.6000E+002; 8.9522E-003; 1.6000E+002; 2.3354E-002; 1.6000E+002; 5.2704E-002; 1.6000E+002; 1.1520E-001; 1.6000E+002; 1.3815E-001; 1.6000E+002; 3.6791E-002;
 1.6100E+002; 2.6757E-003; 1.6100E+002; 8.8349E-003; 1.6100E+002; 2.3077E-002; 1.6100E+002; 5.2005E-002; 1.6100E+002; 1.1394E-001; 1.6100E+002; 1.3730E-001; 1.6100E+002; 3.6557E-002;
 1.6200E+002; 2.6734E-003; 1.6200E+002; 8.7195E-003; 1.6200E+002; 2.2804E-002; 1.6200E+002; 5.1317E-002; 1.6200E+002; 1.1267E-001; 1.6200E+002; 1.3646E-001; 1.6200E+002; 3.6326E-002;
 1.6300E+002; 2.6712E-003; 1.6300E+002; 8.6058E-003; 1.6300E+002; 2.2535E-002; 1.6300E+002; 5.0639E-002; 1.6300E+002; 1.1139E-001; 1.6300E+002; 1.3564E-001; 1.6300E+002; 3.6099E-002;
 1.6400E+002; 2.6689E-003; 1.6400E+002; 8.4937E-003; 1.6400E+002; 2.2270E-002; 1.6400E+002; 4.9971E-002; 1.6400E+002; 1.1011E-001; 1.6400E+002; 1.3483E-001; 1.6400E+002; 3.5875E-002;
 1.6500E+002; 2.6668E-003; 1.6500E+002; 8.3834E-003; 1.6500E+002; 2.2009E-002; 1.6500E+002; 4.9314E-002; 1.6500E+002; 1.0881E-001; 1.6500E+002; 1.3404E-001; 1.6500E+002; 3.5654E-002;
 1.6600E+002; 2.6646E-003; 1.6600E+002; 8.2747E-003; 1.6600E+002; 2.1752E-002; 1.6600E+002; 4.8667E-002; 1.6600E+002; 1.0750E-001; 1.6600E+002; 1.3326E-001; 1.6600E+002; 3.5436E-002;
 1.6700E+002; 2.6625E-003; 1.6700E+002; 8.1676E-003; 1.6700E+002; 2.1499E-002; 1.6700E+002; 4.8030E-002; 1.6700E+002; 1.0619E-001; 1.6700E+002; 1.3250E-001; 1.6700E+002; 3.5222E-002;
 1.6800E+002; 2.6604E-003; 1.6800E+002; 8.0620E-003; 1.6800E+002; 2.1250E-002; 1.6800E+002; 4.7403E-002; 1.6800E+002; 1.0488E-001; 1.6800E+002; 1.3175E-001; 1.6800E+002; 3.5010E-002;
 1.6900E+002; 2.6584E-003; 1.6900E+002; 7.9578E-003; 1.6900E+002; 2.1004E-002; 1.6900E+002; 4.6787E-002; 1.6900E+002; 1.0356E-001; 1.6900E+002; 1.3101E-001; 1.6900E+002; 3.4802E-002;
 1.7000E+002; 2.6564E-003; 1.7000E+002; 7.8550E-003; 1.7000E+002; 2.0762E-002; 1.7000E+002; 4.6181E-002; 1.7000E+002; 1.0224E-001; 1.7000E+002; 1.3028E-001; 1.7000E+002; 3.4597E-002;
 1.7100E+002; 2.6544E-003; 1.7100E+002; 7.7537E-003; 1.7100E+002; 2.0523E-002; 1.7100E+002; 4.5585E-002; 1.7100E+002; 1.0091E-001; 1.7100E+002; 1.2957E-001; 1.7100E+002; 3.4395E-002;
 1.7200E+002; 2.6524E-003; 1.7200E+002; 7.6538E-003; 1.7200E+002; 2.0287E-002; 1.7200E+002; 4.4998E-002; 1.7200E+002; 9.9591E-002; 1.7200E+002; 1.2886E-001; 1.7200E+002; 3.4196E-002;
 1.7300E+002; 2.6505E-003; 1.7300E+002; 7.5553E-003; 1.7300E+002; 2.0055E-002; 1.7300E+002; 4.4421E-002; 1.7300E+002; 9.8271E-002; 1.7300E+002; 1.2817E-001; 1.7300E+002; 3.4000E-002;
 1.7400E+002; 2.6485E-003; 1.7400E+002; 7.4583E-003; 1.7400E+002; 1.9826E-002; 1.7400E+002; 4.3854E-002; 1.7400E+002; 9.6954E-002; 1.7400E+002; 1.2748E-001; 1.7400E+002; 3.3807E-002;
 1.7500E+002; 2.6466E-003; 1.7500E+002; 7.3627E-003; 1.7500E+002; 1.9601E-002; 1.7500E+002; 4.3295E-002; 1.7500E+002; 9.5641E-002; 1.7500E+002; 1.2681E-001; 1.7500E+002; 3.3616E-002;
 1.7600E+002; 2.6448E-003; 1.7600E+002; 7.2684E-003; 1.7600E+002; 1.9378E-002; 1.7600E+002; 4.2746E-002; 1.7600E+002; 9.4335E-002; 1.7600E+002; 1.2613E-001; 1.7600E+002; 3.3429E-002;
 1.7700E+002; 2.6430E-003; 1.7700E+002; 7.1739E-003; 1.7700E+002; 1.9160E-002; 1.7700E+002; 4.2207E-002; 1.7700E+002; 9.3037E-002; 1.7700E+002; 1.2547E-001; 1.7700E+002; 3.3244E-002;
 1.7800E+002; 2.6413E-003; 1.7800E+002; 7.0802E-003; 1.7800E+002; 1.8942E-002; 1.7800E+002; 4.1676E-002; 1.7800E+002; 9.1747E-002; 1.7800E+002; 1.2480E-001; 1.7800E+002; 3.3062E-002;
 1.7900E+002; 2.6394E-003; 1.7900E+002; 6.9893E-003; 1.7900E+002; 1.8728E-002; 1.7900E+002; 4.1153E-002; 1.7900E+002; 9.0466E-002; 1.7900E+002; 1.2414E-001; 1.7900E+002; 3.2883E-002;
 1.8000E+002; 2.6376E-003; 1.8000E+002; 6.9005E-003; 1.8000E+002; 1.8516E-002; 1.8000E+002; 4.0638E-002; 1.8000E+002; 8.9194E-002; 1.8000E+002; 1.2348E-001; 1.8000E+002; 3.2707E-002;
 1.8100E+002; 2.6358E-003; 1.8100E+002; 6.8134E-003; 1.8100E+002; 1.8308E-002; 1.8100E+002; 4.0131E-002; 1.8100E+002; 8.7934E-002; 1.8100E+002; 1.2281E-001; 1.8100E+002; 3.2533E-002;
 1.8200E+002; 2.6340E-003; 1.8200E+002; 6.7277E-003; 1.8200E+002; 1.8103E-002; 1.8200E+002; 3.9633E-002; 1.8200E+002; 8.6686E-002; 1.8200E+002; 1.2215E-001; 1.8200E+002; 3.2361E-002;
 1.8300E+002; 2.6321E-003; 1.8300E+002; 6.6436E-003; 1.8300E+002; 1.7901E-002; 1.8300E+002; 3.9143E-002; 1.8300E+002; 8.5450E-002; 1.8300E+002; 1.2147E-001; 1.8300E+002; 3.2192E-002;
 1.8400E+002; 2.6305E-003; 1.8400E+002; 6.5605E-003; 1.8400E+002; 1.7702E-002; 1.8400E+002; 3.8661E-002; 1.8400E+002; 8.4229E-002; 1.8400E+002; 1.2080E-001; 1.8400E+002; 3.2025E-002;
 1.8500E+002; 2.6289E-003; 1.8500E+002; 6.4788E-003; 1.8500E+002; 1.7506E-002; 1.8500E+002; 3.8187E-002; 1.8500E+002; 8.3022E-002; 1.8500E+002; 1.2011E-001; 1.8500E+002; 3.1861E-002;
 1.8600E+002; 2.6272E-003; 1.8600E+002; 6.3984E-003; 1.8600E+002; 1.7313E-002; 1.8600E+002; 3.7722E-002; 1.8600E+002; 8.1831E-002; 1.8600E+002; 1.1942E-001; 1.8600E+002; 3.1699E-002;
 1.8700E+002; 2.6255E-003; 1.8700E+002; 6.3191E-003; 1.8700E+002; 1.7122E-002; 1.8700E+002; 3.7264E-002; 1.8700E+002; 8.0655E-002; 1.8700E+002; 1.1871E-001; 1.8700E+002; 3.1539E-002;
 1.8800E+002; 2.6239E-003; 1.8800E+002; 6.2410E-003; 1.8800E+002; 1.6934E-002; 1.8800E+002; 3.6813E-002; 1.8800E+002; 7.9495E-002; 1.8800E+002; 1.1799E-001; 1.8800E+002; 3.1382E-002;
 1.8900E+002; 2.6223E-003; 1.8900E+002; 6.1640E-003; 1.8900E+002; 1.6748E-002; 1.8900E+002; 3.6371E-002; 1.8900E+002; 7.8351E-002; 1.8900E+002; 1.1726E-001; 1.8900E+002; 3.1226E-002;
 1.9000E+002; 2.6208E-003; 1.9000E+002; 6.0882E-003; 1.9000E+002; 1.6565E-002; 1.9000E+002; 3.5935E-002; 1.9000E+002; 7.7225E-002; 1.9000E+002; 1.1652E-001; 1.9000E+002; 3.1073E-002;
 1.9100E+002; 2.6192E-003; 1.9100E+002; 6.0135E-003; 1.9100E+002; 1.6384E-002; 1.9100E+002; 3.5506E-002; 1.9100E+002; 7.6115E-002; 1.9100E+002; 1.1576E-001; 1.9100E+002; 3.0922E-002;
 1.9200E+002; 2.6177E-003; 1.9200E+002; 5.9398E-003; 1.9200E+002; 1.6206E-002; 1.9200E+002; 3.5085E-002; 1.9200E+002; 7.5022E-002; 1.9200E+002; 1.1498E-001; 1.9200E+002; 3.0773E-002;
 1.9300E+002; 2.6162E-003; 1.9300E+002; 5.8673E-003; 1.9300E+002; 1.6029E-002; 1.9300E+002; 3.4670E-002; 1.9300E+002; 7.3947E-002; 1.9300E+002; 1.1418E-001; 1.9300E+002; 3.0625E-002;
 1.9400E+002; 2.6147E-003; 1.9400E+002; 5.7959E-003; 1.9400E+002; 1.5855E-002; 1.9400E+002; 3.4262E-002; 1.9400E+002; 7.2889E-002; 1.9400E+002; 1.1337E-001; 1.9400E+002; 3.0480E-002;
 1.9500E+002; 2.6133E-003; 1.9500E+002; 5.7255E-003; 1.9500E+002; 1.5683E-002; 1.9500E+002; 3.3860E-002; 1.9500E+002; 7.1848E-002; 1.9500E+002; 1.1254E-001; 1.9500E+002; 3.0337E-002;
 1.9600E+002; 2.6118E-003; 1.9600E+002; 5.6563E-003; 1.9600E+002; 1.5513E-002; 1.9600E+002; 3.3464E-002; 1.9600E+002; 7.0825E-002; 1.9600E+002; 1.1170E-001; 1.9600E+002; 3.0195E-002;
 1.9700E+002; 2.6104E-003; 1.9700E+002; 5.5881E-003; 1.9700E+002; 1.5346E-002; 1.9700E+002; 3.3075E-002; 1.9700E+002; 6.9819E-002; 1.9700E+002; 1.1083E-001; 1.9700E+002; 3.0055E-002;
 1.9800E+002; 2.6090E-003; 1.9800E+002; 5.5210E-003; 1.9800E+002; 1.5180E-002; 1.9800E+002; 3.2692E-002; 1.9800E+002; 6.8830E-002; 1.9800E+002; 1.0995E-001; 1.9800E+002; 2.9917E-002;
 1.9900E+002; 2.6075E-003; 1.9900E+002; 5.4550E-003; 1.9900E+002; 1.5016E-002; 1.9900E+002; 3.2314E-002; 1.9900E+002; 6.7858E-002; 1.9900E+002; 1.0905E-001; 1.9900E+002; 2.9780E-002;
 2.0000E+002; 2.6062E-003; 2.0000E+002; 5.3901E-003; 2.0000E+002; 1.4854E-002; 2.0000E+002; 3.1943E-002; 2.0000E+002; 6.6903E-002; 2.0000E+002; 1.0813E-001; 2.0000E+002; 2.9646E-002;
 2.0100E+002; 2.6050E-003; 2.0100E+002; 5.3261E-003; 2.0100E+002; 1.4694E-002; 2.0100E+002; 3.1577E-002; 2.0100E+002; 6.5965E-002; 2.0100E+002; 1.0720E-001; 2.0100E+002; 2.9512E-002;
 2.0200E+002; 2.6036E-003; 2.0200E+002; 5.2634E-003; 2.0200E+002; 1.4536E-002; 2.0200E+002; 3.1216E-002; 2.0200E+002; 6.5043E-002; 2.0200E+002; 1.0625E-001; 2.0200E+002; 2.9381E-002;
 2.0300E+002; 2.6023E-003; 2.0300E+002; 5.2017E-003; 2.0300E+002; 1.4380E-002; 2.0300E+002; 3.0861E-002; 2.0300E+002; 6.4138E-002; 2.0300E+002; 1.0528E-001; 2.0300E+002; 2.9251E-002;
 2.0400E+002; 2.6010E-003; 2.0400E+002; 5.1411E-003; 2.0400E+002; 1.4226E-002; 2.0400E+002; 3.0512E-002; 2.0400E+002; 6.3250E-002; 2.0400E+002; 1.0430E-001; 2.0400E+002; 2.9122E-002;
 2.0500E+002; 2.5997E-003; 2.0500E+002; 5.0816E-003; 2.0500E+002; 1.4073E-002; 2.0500E+002; 3.0167E-002; 2.0500E+002; 6.2377E-002; 2.0500E+002; 1.0331E-001; 2.0500E+002; 2.8995E-002;
 2.0600E+002; 2.5984E-003; 2.0600E+002; 5.0232E-003; 2.0600E+002; 1.3923E-002; 2.0600E+002; 2.9828E-002; 2.0600E+002; 6.1520E-002; 2.0600E+002; 1.0231E-001; 2.0600E+002; 2.8869E-002;
 2.0700E+002; 2.5972E-003; 2.0700E+002; 4.9660E-003; 2.0700E+002; 1.3774E-002; 2.0700E+002; 2.9493E-002; 2.0700E+002; 6.0679E-002; 2.0700E+002; 1.0130E-001; 2.0700E+002; 2.8745E-002;
 2.0800E+002; 2.5960E-003; 2.0800E+002; 4.9099E-003; 2.0800E+002; 1.3626E-002; 2.0800E+002; 2.9164E-002; 2.0800E+002; 5.9853E-002; 2.0800E+002; 1.0028E-001; 2.0800E+002; 2.8622E-002;
 2.0900E+002; 2.5948E-003; 2.0900E+002; 4.8549E-003; 2.0900E+002; 1.3481E-002; 2.0900E+002; 2.8839E-002; 2.0900E+002; 5.9043E-002; 2.0900E+002; 9.9244E-002; 2.0900E+002; 2.8501E-002;
 2.1000E+002; 2.5936E-003; 2.1000E+002; 4.8011E-003; 2.1000E+002; 1.3337E-002; 2.1000E+002; 2.8519E-002; 2.1000E+002; 5.8247E-002; 2.1000E+002; 9.8206E-002; 2.1000E+002; 2.8381E-002;
 2.1100E+002; 2.5923E-003; 2.1100E+002; 4.7487E-003; 2.1100E+002; 1.3194E-002; 2.1100E+002; 2.8203E-002; 2.1100E+002; 5.7466E-002; 2.1100E+002; 9.7162E-002; 2.1100E+002; 2.8262E-002;
 2.1200E+002; 2.5911E-003; 2.1200E+002; 4.6974E-003; 2.1200E+002; 1.3054E-002; 2.1200E+002; 2.7892E-002; 2.1200E+002; 5.6699E-002; 2.1200E+002; 9.6113E-002; 2.1200E+002; 2.8145E-002;
 2.1300E+002; 2.5901E-003; 2.1300E+002; 4.6474E-003; 2.1300E+002; 1.2914E-002; 2.1300E+002; 2.7586E-002; 2.1300E+002; 5.5947E-002; 2.1300E+002; 9.5061E-002; 2.1300E+002; 2.8028E-002;
 2.1400E+002; 2.5889E-003; 2.1400E+002; 4.5988E-003; 2.1400E+002; 1.2777E-002; 2.1400E+002; 2.7284E-002; 2.1400E+002; 5.5208E-002; 2.1400E+002; 9.4007E-002; 2.1400E+002; 2.7913E-002;
 2.1500E+002; 2.5879E-003; 2.1500E+002; 4.5515E-003; 2.1500E+002; 1.2640E-002; 2.1500E+002; 2.6986E-002; 2.1500E+002; 5.4483E-002; 2.1500E+002; 9.2952E-002; 2.1500E+002; 2.7800E-002;
 2.1600E+002; 2.5868E-003; 2.1600E+002; 4.5058E-003; 2.1600E+002; 1.2506E-002; 2.1600E+002; 2.6692E-002; 2.1600E+002; 5.3771E-002; 2.1600E+002; 9.1896E-002; 2.1600E+002; 2.7687E-002;
 2.1700E+002; 2.5857E-003; 2.1700E+002; 4.4616E-003; 2.1700E+002; 1.2373E-002; 2.1700E+002; 2.6402E-002; 2.1700E+002; 5.3072E-002; 2.1700E+002; 9.0842E-002; 2.1700E+002; 2.7576E-002;
 2.1800E+002; 2.5846E-003; 2.1800E+002; 4.4191E-003; 2.1800E+002; 1.2241E-002; 2.1800E+002; 2.6117E-002; 2.1800E+002; 5.2386E-002; 2.1800E+002; 8.9790E-002; 2.1800E+002; 2.7466E-002;
 2.1900E+002; 2.5835E-003; 2.1900E+002; 4.3785E-003; 2.1900E+002; 1.2111E-002; 2.1900E+002; 2.5835E-002; 2.1900E+002; 5.1713E-002; 2.1900E+002; 8.8742E-002; 2.1900E+002; 2.7358E-002;
 2.2000E+002; 2.5825E-003; 2.2000E+002; 4.3400E-003; 2.2000E+002; 1.1982E-002; 2.2000E+002; 2.5557E-002; 2.2000E+002; 5.1052E-002; 2.2000E+002; 8.7697E-002; 2.2000E+002; 2.7250E-002;
 2.2100E+002; 2.5814E-003; 2.2100E+002; 4.3040E-003; 2.2100E+002; 1.1854E-002; 2.2100E+002; 2.5283E-002; 2.2100E+002; 5.0402E-002; 2.2100E+002; 8.6658E-002; 2.2100E+002; 2.7144E-002;
 2.2200E+002; 2.5804E-003; 2.2200E+002; 4.2711E-003; 2.2200E+002; 1.1728E-002; 2.2200E+002; 2.5013E-002; 2.2200E+002; 4.9765E-002; 2.2200E+002; 8.5624E-002; 2.2200E+002; 2.7038E-002;
 2.2300E+002; 2.5795E-003; 2.2300E+002; 4.2433E-003; 2.2300E+002; 1.1603E-002; 2.2300E+002; 2.4746E-002; 2.2300E+002; 4.9140E-002; 2.2300E+002; 8.4598E-002; 2.2300E+002; 2.6934E-002;
 2.2400E+002; 2.5786E-003; 2.2400E+002; 4.2300E-003; 2.2400E+002; 1.1479E-002; 2.2400E+002; 2.4484E-002; 2.2400E+002; 4.8527E-002; 2.2400E+002; 8.3580E-002; 2.2400E+002; 2.6831E-002;
 2.2500E+002; 2.5777E-003; 2.2500E+002; 4.2199E-003; 2.2500E+002; 1.1355E-002; 2.2500E+002; 2.4224E-002; 2.2500E+002; 4.7924E-002; 2.2500E+002; 8.2569E-002; 2.2500E+002; 2.6730E-002;
 2.2600E+002; 2.5767E-003; 2.2600E+002; 4.2107E-003; 2.2600E+002; 1.1233E-002; 2.2600E+002; 2.3967E-002; 2.2600E+002; 4.7331E-002; 2.2600E+002; 8.1566E-002; 2.2600E+002; 2.6629E-002;
 2.2700E+002; 2.5758E-003; 2.2700E+002; 4.2020E-003; 2.2700E+002; 1.1112E-002; 2.2700E+002; 2.3712E-002; 2.2700E+002; 4.6747E-002; 2.2700E+002; 8.0572E-002; 2.2700E+002; 2.6530E-002;
 2.2800E+002; 2.5748E-003; 2.2800E+002; 4.1936E-003; 2.2800E+002; 1.0993E-002; 2.2800E+002; 2.3461E-002; 2.2800E+002; 4.6174E-002; 2.2800E+002; 7.9587E-002; 2.2800E+002; 2.6431E-002;
 2.2900E+002; 2.5738E-003; 2.2900E+002; 4.1854E-003; 2.2900E+002; 1.0876E-002; 2.2900E+002; 2.3214E-002; 2.2900E+002; 4.5610E-002; 2.2900E+002; 7.8611E-002; 2.2900E+002; 2.6334E-002;
 2.3000E+002; 2.5728E-003; 2.3000E+002; 4.1773E-003; 2.3000E+002; 1.0761E-002; 2.3000E+002; 2.2970E-002; 2.3000E+002; 4.5056E-002; 2.3000E+002; 7.7646E-002; 2.3000E+002; 2.6238E-002;
 2.3100E+002; 2.5717E-003; 2.3100E+002; 4.1693E-003; 2.3100E+002; 1.0647E-002; 2.3100E+002; 2.2730E-002; 2.3100E+002; 4.4513E-002; 2.3100E+002; 7.6691E-002; 2.3100E+002; 2.6143E-002;
 2.3200E+002; 2.5707E-003; 2.3200E+002; 4.1614E-003; 2.3200E+002; 1.0534E-002; 2.3200E+002; 2.2494E-002; 2.3200E+002; 4.3978E-002; 2.3200E+002; 7.5747E-002; 2.3200E+002; 2.6048E-002;
 2.3300E+002; 2.5699E-003; 2.3300E+002; 4.1536E-003; 2.3300E+002; 1.0423E-002; 2.3300E+002; 2.2260E-002; 2.3300E+002; 4.3453E-002; 2.3300E+002; 7.4815E-002; 2.3300E+002; 2.5955E-002;
 2.3400E+002; 2.5690E-003; 2.3400E+002; 4.1458E-003; 2.3400E+002; 1.0313E-002; 2.3400E+002; 2.2030E-002; 2.3400E+002; 4.2938E-002; 2.3400E+002; 7.3895E-002; 2.3400E+002; 2.5863E-002;
 2.3500E+002; 2.5680E-003; 2.3500E+002; 4.1380E-003; 2.3500E+002; 1.0205E-002; 2.3500E+002; 2.1803E-002; 2.3500E+002; 4.2432E-002; 2.3500E+002; 7.2986E-002; 2.3500E+002; 2.5772E-002;
 2.3600E+002; 2.5671E-003; 2.3600E+002; 4.1303E-003; 2.3600E+002; 1.0098E-002; 2.3600E+002; 2.1579E-002; 2.3600E+002; 4.1934E-002; 2.3600E+002; 7.2090E-002; 2.3600E+002; 2.5682E-002;
 2.3700E+002; 2.5662E-003; 2.3700E+002; 4.1226E-003; 2.3700E+002; 9.9916E-003; 2.3700E+002; 2.1359E-002; 2.3700E+002; 4.1446E-002; 2.3700E+002; 7.1205E-002; 2.3700E+002; 2.5593E-002;
 2.3800E+002; 2.5654E-003; 2.3800E+002; 4.1148E-003; 2.3800E+002; 9.8868E-003; 2.3800E+002; 2.1141E-002; 2.3800E+002; 4.0966E-002; 2.3800E+002; 7.0334E-002; 2.3800E+002; 2.5504E-002;
 2.3900E+002; 2.5645E-003; 2.3900E+002; 4.1072E-003; 2.3900E+002; 9.7833E-003; 2.3900E+002; 2.0926E-002; 2.3900E+002; 4.0494E-002; 2.3900E+002; 6.9475E-002; 2.3900E+002; 2.5417E-002;
 2.4000E+002; 2.5636E-003; 2.4000E+002; 4.0996E-003; 2.4000E+002; 9.6809E-003; 2.4000E+002; 2.0714E-002; 2.4000E+002; 4.0031E-002; 2.4000E+002; 6.8628E-002; 2.4000E+002; 2.5331E-002;
